Image_name;Rule8
16040689931ecd2137b079bec44ffbdef683038de1a0831f.jpg;1
16011186413e180896bd236f556d0656748cf25d7b59cb4f.jpg;1
161512840595e863b1fef2dc4af934a35eec64187b787bbd.jpg;1
1610375596b9ba2842c5b62193a3e31a4d6b8b8d6f83a5f4.jpg;1
1615071308b32d849c127a89cdeed8e6d8d571e5e6c83441.jpg;1
161055123067b0e3555991be649caa0c71a94b3191550199.jpg;1
1608310261261b564b12864ab147a5e2597b68b7bc8b0ba1.jpg;1
160934441874497cca93765b0a99b77b5cc9d26cd7a7abeb.jpg;1
1610312425c9a02bbe610e2652d12206e69a1e57fa2d7e01.jpg;1
1609700086d5515fae17f124b9d81a0d8bb9099e1b07a2ab.jpg;1
1586094139a9010dd046bef62b4c18ef90180991c11172c5.jpg;1
16079526619acdb0aed10efdbba6c612bef16b38fa708b26.jpg;1
1606993947656d75626bf5f23e7f9cab5434cde732e7ea57.jpg;1
1613174906afe729556fe0db5903745c7e8605fb05d9446c.jpg;1
1609464329c6ca313101ed9531db15200bc85a799474e812.jpg;1
1612431833a7c51547f5905f9881dfb2007d4f95f1631710.jpg;1
16060717557ea53ad609b6c60f2e5b1e77bb30764bbc5dc4.jpg;1
16033167040fdd4a61f4d5204a44f0a3b6897e46072508b2.jpg;1
1611781231f568b93e120fff41f428f5f5dd5f9f31bff137.jpg;1
1599926726d17f16aabf25f894fd4c48fbf7209b514298ab.jpg;1
1611588462298d5a8c8ccc979550939e1b530fc20fa069ab.jpg;1
161132791876a69d30dd030053fb108c501cf9a89ee1af08.jpg;1
160773323412490b7dc2c4624782929c40e0e0b8393eec33.jpg;1
16107572112525619199e36ee537489409847ef587a859bc.jpg;1
1614256637d0965d1a4f61c052d52361e12910fc162dcebc.jpg;1
1614361679fa26e7a76b60f1d27f1b052a98f1999abd3ad9.jpg;1
158422687796022cfc3d07bd010bf71cdaaa93ab04ae3685.jpg;1
1609956126024cd60e11040d9bb308cb4c91297e88e0839e.jpg;1
1605855215abac86791c9318fde6ee51129bc213a9d610b3.jpg;1
1591790509352ccf26b126607401dbb4ca6a2d62465f3d3c.jpg;1
160815464734ae8bd21d33ac8116c3b6b507d37486dabb6d.jpg;1
159086422272835346fadd33b95e3ad4b2c96cebf894d57a.jpg;1
160854663371664c5157b30dcca0f8ebff92e92979d5dd71.jpg;1
15922167069034248fa3bd37eae64852ef9981050b0e4ab2.jpg;1
161419911098adf55a17f2602ca0354348b986bf5f607b8d.jpg;1
16123381826281758dbffd00c0e6f267d391d1ee08a721eb.jpg;1
1586945730cb8ff46a42e60576fdb021794d04172bd07aba.jpg;1
1603834789aa742cad474c094f7507593db555b0cdd363f2.jpg;1
1584431852812dcfbea672fe20bee671dc14ff517c66013d.jpg;1
1607932137e9aeff0013262a3596f2465a2a05c17cd3bdcc.jpg;1
1614975233f085437cbabcea2acdc5fec1f80f7daa1755b4.jpg;1
16150829352f3a08d54ecdb9b480c24c536aaf0a6533f711.jpg;1
161043011967263a41101a726ceff4c0d6b0f00fb93d53ee.jpg;1
159691574331d757badad654e9bd3676722874bc05410a9b.jpg;1
1614621720428905e47dd1f67ebab59d5f86a0c29c764ec0.jpg;1
1604425452f5c7b3dc1df8bcbe386fee33ab2429d4e2dcd5.jpg;1
16077924374a00a93cfac8e6d690f8717df29d1fb0f63467.jpg;1
1605470298116d4847ffacd40b3b40de40799fb2584dc1dd.jpg;1
159872239205731e987a1d1fa4b0a0864d3f31446477d4ec.jpg;1
1583965415994f1d54d515862cdcfc410546dcddf5aa6c5b.jpg;1
1605283572ef0c322c83ea4eb7208265b6925543c01beecd.jpg;1
1600457407cb72ea7dd889e6c10ff19714735829631e9c44.jpg;1
1607002644ec1421cb252388a51938a20c0c0764f6983442.jpg;1
15976639887dd85c9e3b0f5e68729829f79b12c0c777bd67.jpg;1
1606077563216e48b7733e80406d7cae172bca9fefc8c786.jpg;1
160174815534581db644590987cb1d57badb7189ec5859d1.jpg;1
160209735283dcca084d16e1def9390a6936075c9d7dc126.jpg;1
15992965595876fefc5493e1a18868ac10e302b5aba3a304.jpg;1
1613754296e1b545b1561ec27427c7225556672702a36c83.jpg;1
1613052105187e31afc392d8772908b8541e8ff253f75c38.jpg;1
16141620236686972d070b2629946f27875f5bbbc249312d.jpg;1
1602008128e1c534f1b04268477190643847a9739c9e6d88.jpg;1
1600415377dc0fafeb11d8e8034cd0f439ef51273b83c233.jpg;0
1609340923ce303c45b6d8f65e1d592ad9995a0d12006fbb.jpg;0
15993862726e708c3466e67a7c15f5d6fd756fb4e31dda64.jpg;0
1588950724dc4cb6dec36abc76dcbb0f2d4d2be6193c0ea8.jpg;0
1613379889bfcda4d6a83535f2114965671ce7dd3168a67a.jpg;0
1597321289f26571397b9c9b7664515244363e419dd1ce64.jpg;0
1614341388ae36aa499f43c73f1a11b2b1d6b7cf68bb7dd6.jpg;0
160129523890e4ef07de4548b87c0ffa149e40e192196592.jpg;0
161047607077f4f5a44eb8f8f8e2a8988eb393fd2c49987a.jpg;0
160209678511a23d3dcfbaaf281ed6bb1836b610834ab5a1.jpg;0
1600442891aa3eb38d0c3a35c31e946efe36075d10465a37.jpg;0
1589034056bb32eccdc8feb8dc2c9a1b45b1270aa566d967.jpg;0
1586184865ed76afbfea771e6fdc577cd6f7ba62acca5ab7.jpg;0
1603190593ecbe07ab38b01cf4507bb9124b8e97086d5bba.jpg;0
1614975884cafaae181e1ee12fda1d7be2fbf935263e871e.jpg;0
15950140001112c1c2d9cfaf15e93472dfe4d74c8fe3cd84.jpg;0
16017223508df1be6c30108e5a6963ef627d7fbb8a0184de.jpg;0
15851614552fff4f9ab14205a6d295bb0c95132f43b34830.jpg;0
1589471919b8652375c470a7f5134f1fdeaf39bbf080fc65.jpg;0
159427465190e0545d42f175ba8aa30c391a4474d7d5f11b.jpg;0
16053640641d7c66fb7d42a7452409ff7fca8cdefd14a023.jpg;0
1608658502b3cb9706cb73d18e32be28982da33d9e276def.jpg;0
1601304564ebed1d28bbed44a4e9ee73de73feb139583e8e.jpg;0
159733193164009a7cdb7bf8af6e7dbb039813e43f6de1c2.jpg;0
16098668915e81fa41c41cb6e65dbcd337195fcf301b8e6a.jpg;0
1615025127fe5b10a2d2457f592cad1ed3ce27ce55cf79a2.jpg;0
16139508824f6bef808526409a7a3c5d18cea54b4227f172.jpg;0
1586416368af93f69f761170f17f3aa42761fdb68216f400.jpg;0
15967283712cde6d5568b6597e4ae025066ea02c98c8a344.jpg;0
1600422290874445ed808bff60914cb4725d27b348742b88.jpg;0
1607354571be847b7fb952d652af9319fee9a4e288678809.jpg;0
159632306757315dae12f9e4aa0eeb3f64ffa44ca673240e.jpg;0
1598451257e621acf1fb53a37e509e5324a98f6fe58cda33.jpg;0
1609867121e93514fb1f2821903ba54f6132076ee0bc999b.jpg;0
159145116057e5cd072c48143fcffaef06563a17ec4fdc16.jpg;0
15962291798ee8d1fbda338571f444bc44a6ba95a93b729c.jpg;0
16079299956f80af788e1aa12f2330a30aad46d4467099e1.jpg;0
1605816627eb7e1f03b6d4a9125eda93dbb3c3046e87f4f4.jpg;0
15947379103fe1cc5be35615e3f0ed4fc5728d1e628f8277.jpg;0
1584105786728a2890424034c7212f29d95b74d8e3ed8cd3.jpg;0
1600342290ed4f0707cd5266539cc225c15a254d54e68b4e.jpg;0
16044256032c598c2ae91883106af7b014b101b04d403d21.jpg;0
1600239726b22ddd9ca2ba9ef09f4bf1f25bef199d72984d.jpg;0
15961854614cea9271237e24ba279351a1ab69eedb5938dc.jpg;0
1606921911c401640261bb245acc0529c7eec3b87320661d.jpg;0
1607714138cfa6bf97b718735a22e7ede408fe4d4f380296.jpg;0
1597575964f5e13591caa5795a42e90def0ccd36b24f7925.jpg;0
16116588253bf71f9600610e117f284a3a6a70c7eab89118.jpg;0
16058883436410dcbb678a7647e86fbf636891f5e49515e7.jpg;0
16061338033e4d1d8e3f8a376d927e0751c3b77227247baa.jpg;0
1594227271ad6e14937d4e816436db99febab7785bf32d59.jpg;0
16030299393b76b809cd83efea8b72a0a8553541bc25361a.jpg;0
1603829570eb81ec1ca21c212015fda299579a74f00e2ef3.jpg;0
16014013539f6ee8c2053fa044d70a503785e44dcac538e6.jpg;0
15881459161079be6f5e7cdc5b71c91dc6194e159ae1cd49.jpg;0
160001185421d18b8abe3fa6fc716fccda0a09ac2f158f36.jpg;0
1606163679fbefc3c2f1c03208b9f0a55d31d16286a617eb.jpg;0
1607711353d7720341d028901f84f78c5f0f243c67545e2a.jpg;0
159907047223680a8613ef20edb116c8a16ee7884560e74c.jpg;0
1612206785ba99a4162248e1d486e1e95122f3f56c546b9c.jpg;0
160975796770a028047a4446a0d959a4d1bb38f6a12e5a24.jpg;0
16016753137f33c13e9c6f28e26ed2a4b062dc6b8243de04.jpg;0
1611502984a1ec6c607536cfb9d2ce1f3b1b56306e1131dd.jpg;0
1614947701ac5e88e0f79f2b854e03a306b3e7ebc6997158.jpg;0
16020057992155140cbe9699aeb9b74a0e81d99d2e6c902c.jpg;0
1599128701e14f9659592ab7a74d6dae510bf8cfb2c1711a.jpg;0
16152815954b14ecf09f06b4b7c0bfbf4a3a59944677a725.jpg;0
161210846973be37368b4d93a73375b122c2f114cddf96b5.jpg;0
15905040308deef36fe10572edae4def020d20445b459a4f.jpg;0
1607882187fdda3a86c8ec42e46739d0f6d444e792ca1cb2.jpg;0
1600232354616eb29f8c2a6fcd2795bf7f99f9ab3244e467.jpg;0
1615293186de37bbc02695a5216cb615c44c3b2950d0757b.jpg;0
160606814187650fe97c882c041e1241139cee1bd7aa3021.jpg;0
1610813662b11577a3f0af7d8d984e047bbb4dae92bf6de1.jpg;0
16095206716772c678b1035523ca3fd7f8f2115778772fc7.jpg;0
1610809473910bbff1631060de7d6454677b2ab6fbaece90.jpg;0
160011351583b196f6268005cdaf255815599d60675bc2a7.jpg;0
15887885261d4d89240b71fa18068e8aeed656c09ea36888.jpg;0
159449296759667d0614e1e24165e0c2c841d6d6d5813166.jpg;0
1615118297c47620be84440572a575e5d5ecc2d499e94d12.jpg;0
16032143908106fa5fe37b7d2a31e4a61b88a0d3a8b041fd.jpg;0
1583928923ffc7a908a9854280849675926346e1b16c7c76.jpg;0
160329707928a04410fe4d88c50ce4e061295222476cf841.jpg;0
1603874670ea6bf4065975e437aacfed20ec04ef55600996.jpg;0
1609867789b7e8c424a4239d72cd6b2433d7d88148b0c696.jpg;0
16121078254e228926fa4b3854aca4add3331f9f7918ce8e.jpg;0
1611410717c50ea80ce8178918a949656ee8e1e084646963.jpg;0
1597896876c0e93801d9fb3afaa001fb7c6bca18a593a489.jpg;0
1612045650c558790337666ff044dcdbccacd86084421c1d.jpg;0
1613748897b60f15a9c23efcdcd1c19dcc919a1737cb2ffb.jpg;0
1607107605ce459e529a3d6a622f5d58654eb39da7307d73.jpg;0
1602177477c4047b73aa7636a8cde579c4c0a7866cd07bfd.jpg;0
1599049416f8ff959a921490908b32933c1749b32089d3b8.jpg;0
159993969651d5cd1ab27f5995353dfdafecb134ff75af5f.jpg;0
1586259681d1ebc8d2a6cc3c5c2a81e53d6e3d398dd109d9.jpg;0
15917982556b63c07228d97257d90c1d2f59ab64820ad185.jpg;0
16153079270267f780dd9acdae47bb5b5731aad0cbbb2b89.jpg;0
1607779371c64d7068f13896f30cf3dda66e20baf7060dac.jpg;0
1605444281a4de34a7f2b19960d1b2506bc3ee090ded9be1.jpg;0
1606888386176605e98236cbd1b5e67f534dd8911a5c2c72.jpg;0
1597599129bbec53e157f70279e3d8851ccdf665c2e8d1f1.jpg;0
1610054529fc84a3a2e567e60b6aa34acac849ed0166e982.jpg;0
16093422509ba96ce15f68d07f0b91d7df978dcc34de24b8.jpg;0
160837606320c76c57defbe4f7a4f3cb86a3bd89f224758e.jpg;0
16089080615e49a7e46dd83be0cf8d2e7beda72676224176.jpg;0
1605801907e6e216c462a70cbb24d9f131dbbdc9e3e418fb.jpg;0
159319702418b21d9b655f406afdfed2578c4d6f5e821b59.jpg;0
160680658834411a847d31d11fb5989eb66a4770abee9d24.jpg;0
15894897361dcacc5cf866ea19a5c206f4c6418a1bdf75c5.jpg;0
1614155598e831e2a1c81487254082c7e3e31354623ecff2.jpg;0
16152226916a081e21d093f27d9cfbc98d1a9dbdf423a74c.jpg;0
16138178972b256c8cdbc76e610d499f7bbcfdbdfa18d6f2.jpg;0
16092479964500714fe1e925d3fef92a5bf47e91edfbfff5.jpg;0
15946548751254e0b933980cb16601270645dea9cc464402.jpg;0
159784357266305bbfda92a4729ddc0c8aaf66a4d3a5bbf2.jpg;0
1598762056ed3dcd4cb810851037ec884c73463820c78c56.jpg;0
15940625966a5e154275fbcfb932e1861d16684224e71ef1.jpg;0
1600885112a788dead3f05488d28cb28d5aab9fb6ce0620e.jpg;0
16007875400e9bb69573c6a63d4a3dbd40a5367b4742b6a2.jpg;0
15975143375cc81c697ca29765feae52d19b8c21a45fb153.jpg;0
1599930110d4537f78d03b9d70902476e33e4a74d512fe26.jpg;0
1601913736ef79f7cf95a552a11ea4396e6de18b34b79e00.jpg;0
1615204097046e8345a3a5b030394a2f35b3e424536e43a4.jpg;0
16123749981431c7fd2fd6587308ca6bafd8ae30a87d93a3.jpg;0
