Image_name;Rule1;Rule2;Rule5;Rule6;Rule7
1611318951351de9ad80543f8df25136941416a5847510fe.jpg;0;0;0;0;0
1604915354e5320dd8d7f02d6d0d2fbc70c021118d41e8e8.jpg;0;0;0;0;0
1611884710cd57845ef857c0107d952f1e7c2fcfb370026d.jpg;0;0;0;0;0
16008369091cb457fd9ec90f1bd0690ebc67ed9d4a1de675.jpg;0;0;0;0;0
160886776228b01cf7ab84f8a8b32523b487b7c8ebff5a8a.jpg;0;0;0;0;0
161424233971449bf08cbd609543cdd1ce14c62167b87034.jpg;0;0;0;0;0
1592411152b0fdb6fbca67dfb552c6176b0e9544e299f94e.jpg;0;0;0;0;0
1614085036d2f34f972e4d9923e86a565fa1c1f4b5e02e11.jpg;0;0;0;0;0
1607937811963ac83983063cb8f21be6b27dac68ca0cc39a.jpg;0;0;0;0;0
1607451914b3e134aa33fee52d56f3cbd5f6f9fbe3595c25.jpg;0;0;0;0;0
1614600964d3fcb27797db1ff7a89a70ab10adf9e31f7af7.jpg;0;0;0;0;0
1600192397a4c74a91fd285c5799a453082345d1364c29d0.jpg;0;0;0;0;0
160854857050634c78f5242b1ac2d65f4461f62c2b817172.jpg;0;0;0;0;0
161289556333e28be9add9a28ddbf21583be66c7ace88cb1.jpg;0;0;0;0;0
1609076436905cfd0d065613a8c527521229dee734399521.jpg;0;0;0;0;0
1604325574e28893c377600c5a0f1c7782f19be468f8e710.jpg;0;0;0;0;0
1611401263965b18d68b02afb5871f442b0e5cd6719be6d7.jpg;0;0;0;0;0
1604346435255f3a8001f18ff236b6f051fe100817be8e3d.jpg;0;0;0;0;0
1601052422c31d47dc462ff364f709e72cdf3760b6e88b03.jpg;0;0;0;0;0
15879376401cb55563669c751863c39264e26ea31dbaaff4.jpg;0;0;0;0;0
159854255698103f9b1d3a33dc7a6b1906314952ed52630f.jpg;0;0;0;0;0
1599048882686620b32bcef9634f107e735f22fcddbe9ef2.jpg;0;0;0;0;0
1584227418953f3ceedaf5bf5b34504aa7f37a99c87a996f.jpg;0;0;0;0;0
1583952282ff4aca2fe8a252bf9e0bf73d2431de9a17880e.jpg;0;0;0;0;0
15852363723e8656c91fbab88c9aeb45d364224d31a5801d.jpg;0;0;0;0;0
160862804302dda99f07db7b6b239c2375b2c0dffb5f6ca2.jpg;0;0;0;0;0
16093422509ba96ce15f68d07f0b91d7df978dcc34de24b8.jpg;0;0;0;0;0
160234755142bb95cdf68257db839e7d2105812cdc2d272e.jpg;0;0;0;0;0
16081283638f6b64838d6fceb0bb68c8088f71c6ecbf8b80.jpg;0;0;0;0;0
16083836904ccb82ea7d2b6cab2af34d98425cbccfdd6bdb.jpg;0;0;0;0;0
1597575964f5e13591caa5795a42e90def0ccd36b24f7925.jpg;0;0;0;0;0
1590760396cb353c61e7dfc8a2967e415e8085cb6ecaa912.jpg;0;0;0;0;0
159292280110f16f5e907f64c0b0cf43f8465930d2964007.jpg;0;0;0;0;0
159483016885355f3a7d109dc0e57583c1cf19d0974fa906.jpg;0;0;0;0;0
1611666422c822f299adc3662d500aa1c5fd15a5a793893a.jpg;0;0;0;0;0
1597148562f6c299f8183f9b295eb4d4ac36e3ee8238801f.jpg;0;0;0;0;0
160853952404b6114a02ee53c0e43f665fef4c5bb5b11115.jpg;0;0;0;0;0
15945548515a89756e4a5a06294f587adc92c84378255e3f.jpg;0;0;0;0;0
1614804084957f57ea91eee2ef43099edea6a0910ae9a743.jpg;0;0;0;0;0
16077762079c0e3e569ec05567ca27b136a5ff10cd086aff.jpg;0;0;0;0;0
1592640748162425fe9717ea282ce315214942cda129a42e.jpg;0;0;0;0;0
15923368443d674adcd67da11c51d9001786fbd5170420cf.jpg;0;0;0;0;0
1606818621d1edefdbec6998fd0d606fa4da9e3efc031cf3.jpg;0;0;0;0;0
160725912182edd7e370b210dbbf0913d05252e8e22a5c56.jpg;0;0;0;0;0
1597775041aee20bff0c35ea0ede812ee4d4d95010dbe237.jpg;0;0;0;0;0
1605095113f79705a646a6d1296ec89d71723a351b0b782b.jpg;0;0;0;0;0
16016753137f33c13e9c6f28e26ed2a4b062dc6b8243de04.jpg;0;0;0;0;0
16107980526422eff6e1cc2f6014a9d04a72c5e5b72024f0.jpg;0;0;0;0;0
1599195929324e854e10d71d4211b4d31a1d3132589a05ad.jpg;0;0;0;0;0
16076197394ef52070661281d327f0798d9150d83e70a69d.jpg;0;0;0;0;0
161416138501f9772a5dfeec81bd8a1ce855ad2d7ba459d9.jpg;0;0;0;0;0
16009317097d024b88dfbc1a4e1a8b010d156f4b6bfa7506.jpg;0;0;0;0;0
1613851952950f95942706121bf021deaf347e8dba38dbfd.jpg;0;0;0;0;0
1596561274204bfdcab57ddbe96061f4fe85c2001b62ba34.jpg;0;0;0;0;0
15981124221b999b7c43e799487a0c21d0441403a8e3b3b5.jpg;0;0;0;0;0
1611592945d4df36445f510e2e7c30914348c4985f5868ba.jpg;0;0;0;0;0
1612026529b9553dbdc13817d0e9a5f2447c73d39fb71374.jpg;0;0;0;0;0
1609833838929e05cd1cef5dd261b013e433ad8d284677fb.jpg;0;0;0;0;0
1586266892a4f1e64b89d05196f494a32acf33c7eb796270.jpg;0;0;0;0;0
16129900419bcb16a4f79b520ff992ee791df1771c3bf7fa.jpg;0;0;0;0;0
161513580296a58697c653bb473abf4b8aad18a09bb06a54.jpg;0;0;0;0;0
1612564986b8bed941a4f29d6a7f16976256056df111da08.jpg;0;0;0;0;0
15993245984a8a0666f695c7c60327b437731d585aa1ee9e.jpg;0;0;0;0;0
1590939264decc7038fc5ef5c56e4d33e44e6bb4fc4bc43b.jpg;0;0;0;0;0
1614936508394ae4eaeb1ffdf8b0d85ced8efa91b3aa4a33.jpg;0;0;0;0;0
1607579195b419788028688ebbf7b176f1ec27456d3923a7.jpg;0;0;0;0;0
1597087866b12abc4a253e80e1af0ab3c1815a0b79e9e90e.jpg;0;0;0;0;0
1612097765368be3763044e086fa8e5f9c143bb6b7f1ca3c.jpg;0;0;0;0;0
16109678572398cd3e5512515dc629eb7e319240d73dfee0.jpg;0;0;0;0;0
15981910309127cfb4c0693bd4e0fc578bf4c2a0cf706799.jpg;0;0;0;0;0
1603184671d61f7ff4ffc40b9217ac5f4cff8743325f1581.jpg;0;0;0;0;0
15994107961d4916c97ee96144c7ed36d60b09e16f51ef2b.jpg;0;0;0;0;0
1609074850704c04b52d7cfa765036a05bd487af958840bc.jpg;0;0;0;0;0
1590838826ee39bedc7eea1bb39ce85ed39e97cf59a2d6a8.jpg;0;0;0;0;0
16124517058ba572c34ed60ac5443e21516c1df342fd80ea.jpg;0;0;0;0;0
16134782340ef186e4dbfdc9bbeb7a7471a2358b447fd3e1.jpg;0;0;0;0;0
1602766656b85ad42e85dd8f74483cba150d7c81d1bef652.jpg;0;0;0;0;0
16076159304fdbcfe796896afc3b4c22fcc794949f7687bf.jpg;0;0;0;0;0
1615118297c47620be84440572a575e5d5ecc2d499e94d12.jpg;0;0;0;0;0
1601637014846f47184a21c9b04b5a79328297f6027dcc13.jpg;0;0;0;0;0
1608033329d068669ea213324e63cc0ec2286cb58197e8ac.jpg;0;0;0;0;0
1611215693d39df98a436ababf49669f4d48fe6712b94c71.jpg;0;0;0;0;0
159914269896cc07145d6f3f1e6b5825417d1f8b0961bd64.jpg;0;0;0;0;0
1600181921f37dd26aed4fe99920da6bf0a17a1a3f6ff22e.jpg;0;0;0;0;0
1611477871c798a69cd1f0f30b1b98b51b3acf16c55cef39.jpg;0;0;0;0;0
15981017971732cecd8e88c8103485c106d8ff0df7e6708a.jpg;0;0;0;0;0
1614529549838db2d574d8fc5abdd245bfae1e335f3e460e.jpg;0;0;0;0;0
1609872088a75e51face2af39c3473bed9b47acc8beefbd4.jpg;0;0;0;0;0
1601834805a8ec5446652a8c5d9e8c2ae3701317dc666b75.jpg;0;0;0;0;0
1586184865ed76afbfea771e6fdc577cd6f7ba62acca5ab7.jpg;0;0;0;0;0
16147525175169dc9f9d0519ac0c4244c4c2f2df75c48733.jpg;0;0;0;0;0
1593895635519ece87c5f75f175912e855ccebd29d0a5520.jpg;0;0;0;0;0
1603802914672258f8fa9caa6307cb9193a56ca08add4ee9.jpg;0;0;0;0;0
16138359473fca9bc1460406c2a8d1703ad77730514e6e1c.jpg;0;0;0;0;0
160812471418cbedabdb42b74a59a4588178403e6f1d81bc.jpg;0;0;0;0;0
160837606320c76c57defbe4f7a4f3cb86a3bd89f224758e.jpg;0;0;0;0;0
1608452473097276cb94a60a6d03110bcc8df676f809d9d6.jpg;0;0;0;0;0
1613921995cf2ac399c4d932802a74b2b2dd6cd7b306ba8d.jpg;0;0;0;0;0
15931858409df237c0ac56ab6ba515dce503947b14c6b078.jpg;0;0;0;0;0
16074840725191a34aa4ed76f58fe418b27ea05fa4d1cd6b.jpg;0;0;0;0;0
161527581761791c973e0a7f7b9aee03e1f3c96c4b5768c9.jpg;0;0;0;0;0
1583835503a63276f2756b3c1e052a7c118904cd2bfd89ef.jpg;0;0;0;0;0
161375627123fdc4d9c55d31b8ed88cec3ea51a9caecd384.jpg;0;0;0;0;0
1600701508373616aa364558600b67cdb809577d261ce750.jpg;0;0;0;0;0
160744819414c6feeb582752fd0ca8fa539877c5deeee29f.jpg;0;0;0;0;0
1596981723b22a5f5eb6595ba8baa1ddc81d359db8eeac3a.jpg;0;0;0;0;0
1596607387db769266832cbbee51a4d75eee800380fccc32.jpg;0;0;0;0;0
16023409988a8052ff2995e8b706eee5daa4b271bdfe0b36.jpg;0;0;0;0;0
1586004819fc369c5b37a84656462a79b67656242aeb0019.jpg;0;0;0;0;0
16137430617f6d21ea52808263b795a0751fe0dac7f1913f.jpg;0;0;0;0;0
16152379886f827e88bce0a99036d51fc8b0d3fc6c7e9160.jpg;0;0;0;0;0
16145987733c30c713c664ded5337ab295b0804f448128f4.jpg;0;0;0;0;0
159813348911308b96de3ad6ce88fc9b3b2e9b73dc4b93fe.jpg;0;0;0;0;0
16137414939bfdc4ad267fef4439588b6bdfd72e2895ee57.jpg;0;0;0;0;0
1600498601429bef7626ad048e36b46da04210c41d67b246.jpg;0;0;0;0;0
159506790349d00e9470a3b99b15859708466f5216454e8b.jpg;0;0;0;0;0
16100272797e31c03a1c06a1e19382e8c191be0cf26b037f.jpg;0;0;0;0;0
1598464381ea9f43e61b14ceede3f6efd49f9d44d07c7daf.jpg;0;0;0;0;0
1608317283d31fc3339d0d2f00166033d8fb86077914c3c3.jpg;0;0;0;0;0
16025203994b82a72a849e4518f4f0de10f470e24a085652.jpg;0;0;0;0;0
15862776524cd6bef96d845ea43b430430668450a99b73fb.jpg;0;0;0;0;0
159983244085af08647d77ae72cfcfb3db0edc6cd7556d3f.jpg;0;0;0;0;0
1614036527d7a1592d16b7c94e5c826de2a9d3dfabe00d70.jpg;0;0;0;0;0
159655312166f7da0075ac4208afa49b829668342091384d.jpg;0;0;0;0;0
15889551416220ed29e86077e130f158773c2ad38cc04d54.jpg;0;0;0;0;0
1614990989aaa96d61128b9a10d9d2fcb8ad81be151fc466.jpg;0;0;0;0;0
160760310244965d52d431cf472be82de8f03c7e91851497.jpg;0;0;0;0;0
1614529217b392fa409789ff445670f7a93d3cd95be72822.jpg;0;0;0;0;0
1605268891159d2d2c8c6807dc9181ea03a850a3936cabc1.jpg;0;0;0;0;0
160278102575f1ed50f964e986b69d7cd51178819a98c65c.jpg;0;0;0;0;0
1605775671b68784cdd5aac74bcdc01de3ef3789ca0695de.jpg;0;0;0;0;0
15938811051f52544c27ce5eb35cc915ba8a435299b87e75.jpg;0;0;0;0;0
16120432041fc3c0b27b463c379e15fda1e3309942e153c4.jpg;0;0;0;0;0
158393234949aeb23fc567182be978c509c77c4ad9c9b1c0.jpg;0;0;0;0;0
1590871604e6c435de6947e6dda76b3390f50a4025e60994.jpg;0;0;0;0;0
1599329556425e9ab4e52b83eee5abcf77fa96882af5cc70.jpg;0;0;0;0;0
15981733004abd257aa7cd1c288c056f1aeee68220fc98e1.jpg;0;0;0;0;0
159784330767c607f52bcc3657d5791da29a0e27a6bc3c68.jpg;0;0;0;0;0
16081953782b5cc9611fee31da6650563b9fd686fde3f4ce.jpg;0;0;0;0;0
1593800971d05235bae4f35f7efb2c895d7c3dd6ccf03ce1.jpg;0;0;0;0;0
1599900958eb5ba834477b8960b73e61915122e69ccf471f.jpg;0;0;0;0;0
161176420190d4554e097d642433501378d11999c538624e.jpg;0;0;0;0;0
1600549783467a23e4d61d567002eb50696583615d87e51f.jpg;0;0;0;0;0
1604574672fd87ad09106bf279d80c9350d3b2c99d877259.jpg;0;0;0;0;0
1586791789783dc6f9617a5222a2af5ce9650023632f89e0.jpg;0;0;0;0;0
1608777644fa5cda0fb4208f17714aeb47ccfb15be56c39f.jpg;0;0;0;0;0
16114799767884f0a8f5d7f3c1c460bddb8add4197b2736e.jpg;0;0;0;0;0
15862007947657d1667b6a257d5426ff1909bfd11464c1c1.jpg;0;0;0;0;0
1585567100e84e2798118ae773a5a9242deef3691874f19f.jpg;0;0;0;0;0
160994374611b18d1ade03b92f5b0e01b16ffbb296a8fb55.jpg;0;0;0;0;0
1598593132b8eb5ea6b6bcdc23f3a0e63de649ad5da3c19e.jpg;0;0;0;0;0
161461854213401579320af6091f29792dd3642b3be8888e.jpg;0;0;0;0;0
1593518519f1c19f9424117c18c746c37637b0ab8976cc5b.jpg;0;0;0;0;0
1608310652783034b09420fd353292e5c0becbec96f9faf5.jpg;0;0;0;0;0
160450616562d4c0cd717ed98649bb4c36f60a6294f341d4.jpg;0;0;0;0;0
1605802439e3f2a1ef9240f7f789c4de1d64d9bc15e9e273.jpg;0;0;0;0;0
15998419895c58135e218e880fb67e44b38bd7973f5e16df.jpg;0;0;0;0;0
1609867121e93514fb1f2821903ba54f6132076ee0bc999b.jpg;0;0;0;0;0
1589469827e2d772fd1fef68c89d6d6d87d5af0dbe68d441.jpg;0;0;0;0;0
1604266588a093d7e81f139b9feb1aac3d11051c65fa4f05.jpg;0;0;0;0;0
1611141185aeedb9b04126da4f8241195f0ced741d190ab9.jpg;0;0;0;0;0
15861873084a625290bddf2ca11d70157e0613cc8c13f505.jpg;0;0;0;0;0
1608425379a2c48e542ba7d7a7f544b0b3792eec41751696.jpg;0;0;0;0;0
15978725409f7702ce8a72df80bd1a46b207df01cc96a33c.jpg;0;0;0;0;0
161471503297903248be4a17d86ac2f3d51c0b5fb3c05001.jpg;0;0;0;0;0
160652596514c7dad849fecfe6967eb84828e3e8685b01c4.jpg;0;0;0;0;0
1585577085b1c344505c0278762fce5fee946b4e145733e3.jpg;0;0;0;0;0
1614647799abd82dc8da4ddffcf8d8f67e1626b177eae9ff.jpg;0;0;0;0;0
159285324573257afb1239cf54d1226cb9e783737dead2b5.jpg;0;0;0;0;0
16151435181c63f893707a0160a72b94ca5458abec20e48f.jpg;0;0;0;0;0
1584469017e35ff48214c0467f00e755377728a8a8f4aeb0.jpg;0;0;0;0;0
16153073798cb0251d05b897734555fcf0e5560118854a3b.jpg;0;0;0;0;0
16115008173778635ee9b115041f3bed0b530803bf236e5a.jpg;0;0;0;0;0
1598732131ad37aa7a99f41149bc33969a8e46c8e4b732c8.jpg;0;0;0;0;0
16040695042b15d8271183c389b088adc7ec5834e11353c0.jpg;0;0;0;0;0
16137257341ad0d3f2d32aa2eb60a1cd0994f62a33aebab0.jpg;0;0;0;0;0
1613642855a44271a70ce701893602a260ae67eddce8eb26.jpg;0;0;0;0;0
1587738341bf213949a16f63f62b8fbbec03deb7b45113ec.jpg;0;0;0;0;0
1584340370cfab5330b1bed747f504eec2a13d11901efa20.jpg;0;0;0;0;0
1611598014eed87b980346b628d4a9b10d77843f535a2e26.jpg;0;0;0;0;0
1595019763edb652362754476b2ff50ddceeb3d691b9bfa1.jpg;0;0;0;0;0
16019954085b6718ba4245bfadd13da99ac26f9fcb3d5a28.jpg;0;0;0;0;0
1597342165957a0b4eac3e08259926f92768d92fdd29d5d4.jpg;0;0;0;0;0
161136330426a50c7c138b2a3444a4e42ebd91088675020f.jpg;0;0;0;0;0
1607319010a74d0745216aff77326cad26d2ede93690ed79.jpg;0;0;0;0;0
1615321859d0e0f9cd3ed2c705d0cc569b88c5b22e16d13a.jpg;0;0;0;0;0
1611494216ef97becc68886ab41a6ada985a90eb903b8b28.jpg;0;0;0;0;0
1584767474a389974524dbf0d2909a0a975d6b25f42646dd.jpg;0;0;0;0;0
15939387353cf088107901032ba77f65bd6ebca9244317a2.jpg;0;0;0;0;0
1600454948db611f51000b9169a4e1b45ea849a187a0a7cb.jpg;0;0;0;0;0
16090757480e419b935407f379e7ae6332a5915a6e57f8ec.jpg;0;0;0;0;0
16114066355ff38d06f196199e9f2292e6bb91d743f95fa5.jpg;0;0;0;0;0
16016642855f3f7341126f708eb7963955b9beb30d033879.jpg;0;0;0;0;0
16141934569034bcc73e288e5e5047000be7a7aa18209458.jpg;0;0;0;0;0
161252597645f2e7f4d375e374e6037704531f98cd5e10db.jpg;0;0;0;0;0
1612017230ec78ba3b412bdc63520f8696e5c046e5d6d85b.jpg;0;0;0;0;0
1615072839622d5ca31b47a25004df610fe92da291b95a4a.jpg;0;0;0;0;0
1608422634a08f9ebc70ac11f8ff5e3bb7c6d7c9bdddde9d.jpg;0;0;0;0;0
15982702134b7eba7c8d7dfca1df94241fb92f15542ca530.jpg;0;0;0;0;0
16123685688e910d893e0e31574a1c9c34784307ebffd9ad.jpg;0;0;0;0;0
1594444782436e9d53311b53dc85875d54cf6f413631ec6c.jpg;0;0;0;0;0
1598030283daf277bf179bc86fe3b5cb5ca02cfbb093d968.jpg;0;0;0;0;0
1605801907e6e216c462a70cbb24d9f131dbbdc9e3e418fb.jpg;0;0;0;0;0
16008916992ba804986e87b42b0f52cdce8993537ade657e.jpg;0;0;0;0;0
1599631918ee1f47c9c8599e2b01741dad6ab395ab8d274c.jpg;0;0;0;0;0
1614155998d5bbb860f1f691cd4fb17943d2211f6a7eb1a4.jpg;0;0;0;0;0
158807664325c987dc2812ef3521570945ea314037683fb5.jpg;0;0;0;0;0
1583870606dfff40d4c624cec408ff9ccec68b4c794c0e9d.jpg;0;0;0;0;0
160839087443816a3055d6cafd1dac6d72ca6b1f9e4e97c5.jpg;0;0;0;0;0
15971323172748b24a2199b78b6390b20ac6a0737f678132.jpg;0;0;0;0;0
1598675187352c75a5825dfd6d48e8715f3e567aa96f4e5e.jpg;0;0;0;0;0
15987312280fbd475b1582c3c4998f9ee181f00463f7a9ca.jpg;0;0;0;0;0
1586008937b2a07c1b41862ccca5c684237e42d40cb7baff.jpg;0;0;0;0;0
1597422789f479312c40e177f9c53d23384a721ffb2c6fd1.jpg;0;0;0;0;0
15906854395153ccc665a98124e7ccdbe607749c2610dc1e.jpg;0;0;0;0;0
15943831812b7da7c153e3e727a1f08cc3526d4b842b5941.jpg;0;0;0;0;0
1609244775ef14c1eff595ae701049e2333e79bbaef9a59a.jpg;0;0;0;0;0
16144240940301eed5ba4524083b3d84d7e4f7d1d081c47a.jpg;0;0;0;0;0
1599334230baa83008d2237d4e7c128fb246adbb9633cfd4.jpg;0;0;0;0;0
15998463617cba8297012d8dc7e2836b57ebbec0476ca541.jpg;0;0;0;0;0
16078696756336af4476cfc0b4a26fbaec5b3e234ffcf3e2.jpg;0;0;0;0;0
160865049880cfaaf798f27a473d1179959707d0b809e432.jpg;0;0;0;0;0
159388927584cba2e02144cef504868f3cf083c22362777b.jpg;0;0;0;0;0
1610360426b4916265331bd266b8af64a79df95c1489d4c5.jpg;0;0;0;0;0
1591113725da9e08ffd350568f2c6a79c9200e4c22aad835.jpg;0;0;0;0;0
16012673786c9c1441d897b69be00d907c0e1d91ff287403.jpg;0;0;0;0;0
159784815527ea5f621b3dd14dc765390357871d2e2bfe8f.jpg;0;0;0;0;0
159733193164009a7cdb7bf8af6e7dbb039813e43f6de1c2.jpg;0;0;0;0;0
1594641413930ee0627dd7af1e42da4c14130a7b01cbadb8.jpg;0;0;0;0;0
16145366845dd44a86bcd9fc191306fb14492f95f831e1df.jpg;0;0;0;0;0
1602961889aec3b1336c4becb5a21ecc092cf97d3f03a844.jpg;0;0;0;0;0
1584454389e8ca566098e9770021d674fe92b10dd9e3ab78.jpg;0;0;0;0;0
1602240751eb9fab1ee7ea4cb1ca5eb738ef5f30fe11f9ab.jpg;0;0;0;0;0
1608624240a40ced80aa559fa47f8726787159034c29415d.jpg;0;0;0;0;0
160027323848effa4fa75bcbbe5140091a4400ba8fce5405.jpg;0;0;0;0;0
16012213004aaefa4a19cd5e533d8ff01edf00bee61e6c72.jpg;0;0;0;0;0
15967187457f08ce02e05a3c01503a2b15774ac263acc9d2.jpg;0;0;0;0;0
15970899659fea23240ae5fe1a3138cb1898a9ecd925a2fc.jpg;0;0;0;0;0
16141031340c11c88257314d706d97aac7493c6b0256d5a2.jpg;0;0;0;0;0
1589551380e2f287e15c3027e66613e333203d6a296cb055.jpg;0;0;0;0;0
1598194058cd94568e740f5fa3ebd391606a60acb5bb211a.jpg;0;0;0;0;0
1603290610962891c5b18979c933daa3fd0358c72f9d107f.jpg;0;0;0;0;0
15987177748d617e3b8b03ac577ddc8c49f75d7922c1f779.jpg;0;0;0;0;0
15898668440a059d52eb52e6ca8a494c6455ce1e916df100.jpg;0;0;0;0;0
1587378515614c0eb1bcae806ba47635763411db302a8d02.jpg;0;0;0;0;0
1597896876c0e93801d9fb3afaa001fb7c6bca18a593a489.jpg;0;0;0;0;0
160093029212b41d3cee772adcc03e229672e583286a9ded.jpg;0;0;0;0;0
1599500952bde97d99b84d528b38c53db87c357a0b2ccd83.jpg;0;0;0;0;0
1609512307239bcd6eacfa1f0e330df7beda27f908d59908.jpg;0;0;0;0;0
1607359907a341a55a8c1aed29e5f0e30ba79c2e5f986542.jpg;0;0;0;0;0
1607787361c6a2af46bc2fc42dd3c151f3fbbfd58d68e241.jpg;0;0;0;0;0
161427433313ee0f6467d541e3b5f17a0cc8ce5bd1f02cbe.jpg;0;0;0;0;0
160874202419728a532f4087329c1f4e12c20c5f45cab0da.jpg;0;0;0;0;0
15898179489f20056ebb4a0e3ab9f563bec79c942c644b38.jpg;0;0;0;0;0
1599922180b8e641d8641d30331d67b9ea8ed69cc55b21d1.jpg;0;0;0;0;0
1608638540537125b38bb5ea9be0d79a18f6de3e4b7eee85.jpg;0;0;0;0;0
1604052003dab26a8c6cda243b281976c5bd21372db23933.jpg;0;0;0;0;0
1602322619f9d70584f893016e04795dadb83ff890532dbd.jpg;0;0;0;0;0
1587997861c901a8c059d05938f2a9d42e01bec2264cd4b4.jpg;0;0;0;0;0
158944135691926ef0b291970587fd7a2077e439122c638a.jpg;0;0;0;0;0
15983670309e39762555df4955f3ed8502e16b072bb73051.jpg;0;0;0;0;0
1599738932b62cd1ec1a078af825c0a2123d73a5fae0c5c2.jpg;0;0;0;0;0
1598209416b1e6b0547b94c72aec20f78d70e1b2015a415c.jpg;0;0;0;0;0
1611654276c846fe39c20eca4c5e15fbd7ebd83b699917a1.jpg;0;0;0;0;0
15985478589d606fcf8180f27578ffdbf55d3a0e72fbe8d4.jpg;0;0;0;0;0
1603463765da0f97fe90978577f1b7906cbc155d1876535c.jpg;0;0;0;0;0
1587370179394f256ced796f8d703fd8d3e3a88c9bb4b9c3.jpg;0;0;0;0;0
16043313296d278a9ce095327a603b903fb1dfd30b921020.jpg;0;0;0;0;0
1600870366a14428b5ec5848c790a493f1fff5e897849687.jpg;0;0;0;0;0
1586278498b26531e1d4f84dfb3066ab8250cfb059ffc0be.jpg;0;0;0;0;0
1609394689c6392d078c69c102748cc9c288e45a11483111.jpg;0;0;0;0;0
16100566483329fe9f57f1422623fd22ffd1800db9cc8064.jpg;0;0;0;0;0
1612472882813d72226c0bb7ec9884e17838d73de159ac0f.jpg;0;0;0;0;0
1603976997c58d52ab7c9e9e0d28b77206306a8bf4cc3772.jpg;0;0;0;0;0
16138727677c7d9195e559f5692f2b01a909733d8687d682.jpg;0;0;0;0;0
1607507767965d952f59d7c3755cd0d98bfa30bf37d3c7c6.jpg;0;0;0;0;0
1614253874d4947795569a9ff13c5c1c6a801f99c68d272a.jpg;0;0;0;0;0
1598373167311c46e54d751f4d5a2b65e64b384e0533a0dd.jpg;0;0;0;0;0
1594227271ad6e14937d4e816436db99febab7785bf32d59.jpg;0;0;0;0;0
1607330744ced9be9e5af60642e0f40bba0dcc72e986604d.jpg;0;0;0;0;0
1605388153116e88345622ef2f250a46b853a1c438660f2c.jpg;0;0;0;0;0
16144169924961a2b90e4580649e6d7c1b95f7cbdb66e907.jpg;0;0;0;0;0
1600703503fcd06d18cc33632a19bfed1fb31c766d965722.jpg;0;0;0;0;0
1608374533d95b19662b2e95f6cf98fa770c80f4539287c5.jpg;0;0;0;0;0
15938852194b0db8bb937cd9c6ef2fd280cdd6fb6fbdb272.jpg;0;0;0;0;0
1612282175cbad539b9f57b617cfcc2b488ce7ceb67ae7e0.jpg;0;0;0;0;0
16034642113c11a90dcc6602b1fb47ee9b23e1d70ddfcb03.jpg;0;0;0;0;0
15845259611b8d0748e646d4cbbe75ffe1aaf327f6168b64.jpg;0;0;0;0;0
1608823492ccabb9ea8f1e0a62bf643651b261b9a63df68d.jpg;0;0;0;0;0
159885921892feb88d204b7f02667402d04ff6f34be1c5cb.jpg;0;0;0;0;0
1590954583530dc3a540f2b9b0d1d66fbcf0d2409c4dd717.jpg;0;0;0;0;0
15932560968e73add94721374d3cb02d1d8ce8e9c146c5fb.jpg;0;0;0;0;0
161088068773f9def43489443dd10eae7ac8f713d0980140.jpg;0;0;0;0;0
16013028967e3576ebb7b72ad5a2f20e2f2d2b490ad90568.jpg;0;0;0;0;0
15835314128302c134a0982308e6d305327932bd39a653f9.jpg;1;1;1;1;1
1597464331e039da1bed08288365d0db4767e8fcc2b1da98.jpg;1;1;1;1;1
16085763550354947521d525da8d7bfffb6f0fb7bbafaa99.jpg;1;1;1;1;1
1600616918d8658e141c69ed02726886a3c597c0f90a476f.jpg;1;1;1;1;1
1611947476b443334cbc91ef008a047d1337800a5a659bc8.jpg;1;1;1;1;1
1602337889a2644a3697f527d8cf63d5b69e2026e08fe7c3.jpg;1;1;1;1;1
16092966281fdb70a29299b03054158a5d5773a42979f202.jpg;1;1;1;1;1
160934441874497cca93765b0a99b77b5cc9d26cd7a7abeb.jpg;1;1;0;0;0
16013796632e342f03396dafca0e116bfcd44f4afd7fc4c9.jpg;1;1;1;1;1
1602878428e1abac23a25fecb6dc80eab52b9e243188597a.jpg;1;1;1;1;1
161255478742da9f9f68f2831a8925524727c9607593c511.jpg;1;1;1;1;1
161378379260b91947215d090e70ae62fe8736346f0ce7cf.jpg;1;1;0;0;0
16056297777e195cffb2dc42612bf6e7e78b91e2be65d5fc.jpg;1;1;0;0;0
15926458411367a16f2252d8040947b28f48f521a08dbbcf.jpg;1;1;0;0;0
1610744860dab977021af519c2050b1fac5d55aab083bf15.jpg;1;1;1;1;1
161124815807968eeba0f9f2f8ecbd7fcb9d5b102919abf0.jpg;1;1;0;0;0
16042502350100323ed192965f3bb792f8bc9299b00ef339.jpg;1;1;1;1;1
16080627254bd308d18b85a0b00f0b2631cf194bb3d0bfe9.jpg;1;1;0;0;0
1607500613ab580ce90afe35a265d949cc55a0dd63bd98a7.jpg;1;1;0;0;0
160795908029d2e6ea0eca16ef4a0e8fb82b77b9674c547f.jpg;1;1;0;0;0
161254509390261e2d662d3010cc9562552ce986d386e3c7.jpg;1;1;0;0;0
161150334354a3b5e080670203a46c19964ec968e6912626.jpg;1;1;0;0;0
161049616289c083461ce4578f4d220496452a4a8fbcbd2a.jpg;1;1;0;0;0
16079727210fc1fece660613259178fff0f3b15168ce8e92.jpg;1;0;0;0;0
1607362180b7c0dc76535fca8ec3f7b7931e65dca22ba848.jpg;1;0;0;0;0
1612112016ef696dbdc6032fbb7fbe9dec01b9d1bb4324e0.jpg;1;0;0;0;0
16081414093acfc1b948c2e5146aff46204769c3a20797d0.jpg;1;0;0;0;0
1609823828f08f689cc933c2f4d39086ffc2fe571f071a89.jpg;1;0;0;0;0
16094482711059b10b1b02681d81b794980b5d878f6a694b.jpg;1;0;0;0;0
16106504639d1e06dde7b1356be9098b837cecec33bd657c.jpg;1;1;0;0;0
1597697819b3418f788088349e26529ed0b9891454b96b10.jpg;1;1;1;1;1
1612138883bda05e07af07ca674866404eafb2a918ca9337.jpg;1;1;1;1;1
1607109339e0858e0a2a7f55bf4cfd8f7e4ef99458bd3178.jpg;1;1;1;1;1
1586361760722f79f08a9ea417113eff34969a5bc76761b6.jpg;1;1;1;1;1
16021809996a453b0710ce8f5aff9d4148d2ae661c5be059.jpg;1;1;1;1;1
1600075497bd1246de84cf20b6187e9c076387600dfcb575.jpg;1;0;0;0;0
1585922745d844fa4dcbe6f33765e6dbd3a557204070ea4a.jpg;1;1;1;1;1
1614488866225bc53de468e99972267b28217e9b2e26985b.jpg;1;1;1;1;1
16123990645dd5e7224d6231d412a607200d60e7f44a6fec.jpg;1;1;1;1;1
1591814635bef2c7d242181af89a762abe4c7fe550ae110b.jpg;1;1;1;1;1
1602710561fa881a949cd35a3279b63548f825d3e45f1816.jpg;1;1;1;1;1
16126740690b39c414f7a720a4a209fb81946fa080330f0b.jpg;1;1;1;1;1
1613799667a9a83be42bc892838a9015c4cf015f0822045b.jpg;1;1;1;1;1
1599920333a4a54272a145ae896935ee4a78066956f27725.jpg;1;0;0;0;0
1614155598e831e2a1c81487254082c7e3e31354623ecff2.jpg;1;0;0;0;0
16144649368330102ca447cd479bcbc7d1a5776b5c97bc7e.jpg;1;0;0;0;0
16123752004af2b5069c52b202eb2ec770d32eac92a59fb0.jpg;1;0;0;0;0
15895532566206d6016bf35014ba7decf1707dbfc8d0f463.jpg;1;0;0;0;0
1608564482a77a3c16f30981bbfa72f201c99794e2a5fa77.jpg;1;0;0;0;0
1599936330ff50cf2d974525ba46b83f6ed4b49d04bd0e8e.jpg;1;0;0;0;0
1593093922030cf58c1aa36c2b400fde355adfb6dd95045d.jpg;1;0;0;0;0
1601958665af79f47ed2ad422a53fff0540e6349e13fe8fb.jpg;1;0;0;0;0
1610813662b11577a3f0af7d8d984e047bbb4dae92bf6de1.jpg;1;0;0;0;0
160616397043744f6ff22cf16885ca57f58487e902f07379.jpg;1;0;0;0;0
16108272844fc0779eb2a3be84a4ea7e9fa56a0781d309d2.jpg;1;0;0;0;0
1594276217e51f7dca0051c4928a6eecfd3a7ddd4fa37146.jpg;1;0;0;0;0
1596837785908bf359527c38cd7a9028cd637e07d0086b99.jpg;1;0;0;0;0
16128923525106308aab49966cea8de287eeb162ded0a042.jpg;1;0;0;0;0
15980682215815680ab8354828ba737abf134a57841c8b1b.jpg;1;0;0;0;0
16014915510a463ba8a3afd50f049f7bd6519533db3f0ad3.jpg;1;0;0;0;0
159760944427c63032c5054f509945a1443660aa4b268bcf.jpg;1;0;0;0;0
1611333683cd7d56a3482726daf15fe4b79dee866a63540b.jpg;1;0;0;0;0
15989007845211fc8262edc54c2b85302be32cad30b09bbd.jpg;1;0;0;0;0
159307946470237ca03819db2d811aab5d22b9b3cc557da1.jpg;1;0;0;0;0
1609362905f3884c87b2bb3e69f30c87e2c0c704d5dfd86e.jpg;1;0;0;0;0
1614689191d55a1d094494161224e6a7b18ba8918e96245d.jpg;1;0;0;0;0
1592303566272f2bcd0bededd668cd231a232fb225a558f3.jpg;1;0;0;0;0
1614262131a54ffb972d98e425f17d367ccd7808e2e245d1.jpg;1;0;0;0;0
161147646251938e2c02aef640329fe3190ea07a615321a3.jpg;1;0;0;0;0
15988002310b713dc5f8997377a5ec546cadf5ffaa883954.jpg;1;0;0;0;0
1611123824f4d6dbacba990dccc3bab7a44f94e805a14bc7.jpg;1;0;0;0;0
161289197514c36e00ca08d7773880083b36325025340aa9.jpg;1;0;0;0;0
16063820318f3cada7a88211453d3fa1ff520f57e438043e.jpg;1;0;0;0;0
1609463464fc1ead83085d42c9e3197fde969d7233681c83.jpg;1;0;0;0;0
1598849441b00920e10e95cf2d32e2c0628204ce10c4dcb4.jpg;1;0;0;0;0
161246890867de47ace03603c08d791665544713f4ee0705.jpg;1;0;0;0;0
16138318427e702237bd7841faac16869a686203dcf8c424.jpg;1;0;0;0;0
1613662827586ae3852fcd7cd968ba5c8b7ace93a9119179.jpg;1;0;0;0;0
16077184929babad0283ea1550521e797b5ade7be836af53.jpg;1;0;0;0;0
1615077415b0d9899d8999d3c479fde1da0fd6ac84cf7042.jpg;1;0;0;0;0
1606161889a289dc68401f90211fea9f186936301d6bbf5c.jpg;1;0;0;0;0
1602139639f2ec1b1f75d3a8631d97667d76fdb40efc4c31.jpg;1;0;0;0;0
1608749096c8bc3823c464dcd954a9f6bbe293264572e63d.jpg;1;0;0;0;0
159889062334f1f7e75c1a7df13bb334033bc3346f105954.jpg;1;0;0;0;0
1606591096028f3e07a9e8f84e79ce400776fedfece40f0b.jpg;1;0;0;0;0
1596898171b4f9b13c94ddc8071f995c03c715846f8dff4a.jpg;1;0;0;0;0
16087627687c6b417da6e323d84e345ef69ce1870aecd5b5.jpg;1;0;0;0;0
1597779628a94e8b80ffd935101f405abc8227bb9e80744a.jpg;1;0;0;0;0
1609095702c04f52b97230a11012f5ef39b6e63417a62e74.jpg;1;0;0;0;0
16151576231e8dbe91f7425b2c8cf182d3ce6371ff4bf6e2.jpg;1;0;0;0;0
1614681202c8d3a535e1ccd09358b29202981e295bf02158.jpg;1;0;0;0;0
1609465114fdd0964fefb71ca9ed3151b3f1406f2724bddc.jpg;1;0;0;0;0
1596306354f0389d3500d18c51fff6edcadb50c85c74c25d.jpg;1;0;0;0;0
16080501787ccff95d2f8c5ea46328ac8240b1358d70827c.jpg;1;0;0;0;0
16144511497e6464ef96e5183ff0c7888dbc8a85b6088ee8.jpg;1;0;0;0;0
15956258303f071e46399de1d1db9331fd8b27947d3745bb.jpg;1;0;0;0;0
160742292658bf483f34feaac5041b53e5323d9113a30b0a.jpg;1;1;0;0;0
16024101236d7ea5c755b8613f55956cd1be7eeac4c3e96c.jpg;1;0;0;0;0
1593419255b468682053925bb12f286c058e474c8cd89bcc.jpg;1;0;0;0;0
161471215370b5fd75e3cddec95dd59554ddb2f24c672b72.jpg;1;0;0;0;1
160885054985daf620a87e0d32e0782c1b84295b12fbb99e.jpg;1;1;0;0;0
16096939834762ab4c98440159deb3c5bf27fd66cbe93881.jpg;1;0;0;0;0
16037901626927df3f7694eead512716df72e99cf43bb08d.jpg;1;0;0;0;0
1609001327626c1f5988dae2240db8abd24bad01fc82dc44.jpg;1;0;0;0;0
1613845875d86e6077712cee4943c2c3a804738064de60a2.jpg;1;0;0;0;0
159682928333ca730c7ea47b9d253864c0c045c0d0179464.jpg;1;0;0;0;0
1598022662412e9fae5bf14ec88e530da6f0213a94d38546.jpg;1;1;0;0;0
161470983216b43a51d4cb7699b33e0c1a5f6c6df45acc73.jpg;1;0;0;0;0
1605634741b4b62bac1a544b27d44f822b59e76c34ede19a.jpg;1;0;0;0;0
1614447399ed51beeba57cbabfc0f26fd8446bd72708cf7f.jpg;1;0;0;0;0
1609892157e70a2ef3b815c98c9f516651bbb617ee79fd29.jpg;1;0;0;0;0
16144545213ac967707e3d477f6d31b29abb1fab9d5c5a4b.jpg;1;0;0;0;0
1611525413f37b1898f186d4f3ab7b0c7dc59090eb092c77.jpg;1;0;0;0;0
16072596601f4054a5080d22c55563019360b3aa4efe3bbc.jpg;1;0;0;0;0
160589243247b2d20543c91c9d8b3592aba3a55f13ee8639.jpg;1;0;0;0;0
160925040226de200781276a21642a324571953590df34e8.jpg;1;0;0;0;0
16073531670b793c3786e827259cfd3a30bd887adec20d7c.jpg;1;0;0;0;0
1609436602a495dec5232ac809f0b47ab34959065afad526.jpg;1;0;0;0;0
160167180542e56e0638573406c59ee68791e8992f90e783.jpg;1;0;0;0;0
16144124035519ab7d810724f7402ef5ab0f24bb23eb9c83.jpg;1;0;0;0;0
159932900643452f9d77ea6734975435628f39a5748b017f.jpg;1;0;0;0;0
1596522557653037b0711b12dbdc1a3d80669e7bc1ce7227.jpg;1;0;0;0;0
16136798553225b253d7bfeac6b425e30164aebbd6cc181d.jpg;1;0;0;0;0
161394923984df1c21760984f41965bd137c8a06a4b46232.jpg;1;0;0;0;0
16125884704837d9a1ad6e29527c4e4e1b2073866311c384.jpg;1;0;0;0;0
16014376838908480db4e18180ece1e4404a1074e063bfb4.jpg;1;0;0;0;0
16140824413e8a59f9143fe14330e0c76146857752b2cce7.jpg;1;0;0;0;0
16033041016bcecd69a11088ee7ed67eed2d0ee0578bd47a.jpg;1;0;0;0;0
16093551286efd3a0efdfaf9f795bbc3266be3e4ba9605c6.jpg;1;0;0;0;0
16150493650a0aebbd15ea733899e3459bf341fcfe1f041c.jpg;1;0;0;0;0
1596470079f1b90b11423110988a32b98ea4d2eb1eb27753.jpg;1;0;0;0;0
160691488814954811ba643a9d01d04820d1e588f616e198.jpg;1;0;0;0;0
16142389289b9f4863b6fa4ba041155b8ae948e54dfca2d5.jpg;1;0;0;0;0
160383512910e06581e3c8a88ca1e7ecc6b2f2f9d0559d24.jpg;1;0;0;0;0
160823879029559f2532896f25801f59bc2aab7ce172c629.jpg;1;0;0;0;0
1603981310366252144d5b9da7c251f7be2a4c0876bbae09.jpg;1;0;0;0;0
1612024858e006c19fde44b7ff78cad7cd32e0cfdb0a702f.jpg;1;0;0;0;0
1612713564b8252a6d15a534af53dcd5445954878c36d0da.jpg;1;0;0;0;0
1602785344324a158fa1ec6dc144a60078e9180ec047f6e9.jpg;1;0;0;0;0
1594761696102103ad211910cee224d00aa4410f628ecba2.jpg;1;0;0;0;0
1614717653d57d62bb471f9c1a00723a255038ca6fce5fea.jpg;1;0;0;0;0
1605552758f88347bb13f9dac94efc1309859ec6ca08560a.jpg;1;0;0;0;0
15835314128302c134a0982308e6d305327932bd39a653f9.jpg;1;1;1;1;1
1597464331e039da1bed08288365d0db4767e8fcc2b1da98.jpg;1;1;1;1;1
16085763550354947521d525da8d7bfffb6f0fb7bbafaa99.jpg;1;1;1;1;1
16083139433cee98afdeb573eeac43e85b53107ed864f808.jpg;0;0;1;0;0
1601455065cb16ac38b3c73eadf787545d47a3bc244721e5.jpg;0;0;1;0;0
160577692409e2f6f1c5448016a305af428b2b628b34cfc3.jpg;0;1;1;0;0
1600616918d8658e141c69ed02726886a3c597c0f90a476f.jpg;1;1;1;1;1
15967283712cde6d5568b6597e4ae025066ea02c98c8a344.jpg;0;0;1;1;0
1611947476b443334cbc91ef008a047d1337800a5a659bc8.jpg;1;1;1;1;1
1602337889a2644a3697f527d8cf63d5b69e2026e08fe7c3.jpg;1;1;1;1;1
16113363134487b63f2d668793b885b39f6ace4cb9dc77fc.jpg;0;0;1;0;0
1585404693dce8a65cdfe31d8d054e71d995433ec5c7fefe.jpg;0;0;1;0;0
1603399711663b50b34b6916f493349417893896cb20ecf7.jpg;0;0;1;0;0
1613379889bfcda4d6a83535f2114965671ce7dd3168a67a.jpg;0;0;1;0;0
1611043495edc63696f1dde761cb562a6693837a50b84899.jpg;0;0;1;0;0
16093636286b463e347dd85644fd8fd8861d78f1f9bedb5d.jpg;0;1;1;0;0
16020016802858b308e0e9c43c39b4bfc30da1f12784055f.jpg;0;0;1;1;0
16022695926a80e3731a9a915db2b7dbd5cb6294dd368b7c.jpg;0;1;1;1;0
16092966281fdb70a29299b03054158a5d5773a42979f202.jpg;1;1;1;1;1
1587800795b8dc032702212360e17ad0a7db76313f3babf7.jpg;0;1;1;0;0
1599720068f448b7008735acd5f321a02081b4f06f0d9388.jpg;0;1;1;0;0
15994087880e6bcf96701e61ca1fcfdece8a607d9dc3ed8e.jpg;0;0;1;0;0
16013796632e342f03396dafca0e116bfcd44f4afd7fc4c9.jpg;1;1;1;1;1
16117709829d2aef948e7e2396414d9b837e6e075b595fee.jpg;0;1;1;0;0
1602878428e1abac23a25fecb6dc80eab52b9e243188597a.jpg;1;1;1;1;1
16066022054db5ca08d60b91a981247ef2b13eb5274ffa67.jpg;0;1;1;0;0
161255478742da9f9f68f2831a8925524727c9607593c511.jpg;1;1;1;1;1
159309724186e4600310c7b7645763b30269b77c51dfad15.jpg;0;1;1;0;0
1609000493e240a76548e9a97027415a4c9d31fd2002fb9b.jpg;0;0;1;0;0
1604160948c77ed896b08bcb2bae4d3a805195ad49248b04.jpg;0;0;1;0;0
16104417279564ce61486ccd40bcd73a39af71638888c352.jpg;0;1;1;0;0
161478537363b83693b7356988dcf6f4dd6b300af46135a9.jpg;0;0;1;0;0
1610809473910bbff1631060de7d6454677b2ab6fbaece90.jpg;0;0;1;0;0
1602697118bbaf676dea53ee1aadbdcde8a12c16e2bf6666.jpg;0;0;1;1;0
16052623768bc08bc20bfaaad883e68b243f56e9fd7af1c5.jpg;0;0;1;0;0
1601223569b8674b4c95358563c7aa777e7ed4a0d40b7fbe.jpg;0;0;1;0;0
1610744860dab977021af519c2050b1fac5d55aab083bf15.jpg;1;1;1;1;1
158422687796022cfc3d07bd010bf71cdaaa93ab04ae3685.jpg;0;1;1;0;0
16042502350100323ed192965f3bb792f8bc9299b00ef339.jpg;1;1;1;1;1
16147083198530fbba54b9e43e51d4f64a3cd1bd06d4821d.jpg;0;0;1;0;0
16145503726996e70be743aac74c56cf9222ddf213992e6a.jpg;0;0;1;0;0
16115014195248b155068699182803165c7ef5255d0bd77c.jpg;0;0;1;0;0
160285321384e1663e96f201cb488c35cb71e409bd76447e.jpg;0;0;1;0;0
16053640641d7c66fb7d42a7452409ff7fca8cdefd14a023.jpg;0;0;1;0;0
1601388480533b1c571b77ac36eee82a468df79beb227fc5.jpg;0;1;1;0;0
161478216052e920f3499ebf8c767941afbb4e90987db695.jpg;0;1;1;0;0
16077194717de28bec863019b9be950ef6deaa31125bc9f6.jpg;0;1;1;0;0
16090790383d7c8e06702d409a81d7d06898e4e05e5fbcd8.jpg;0;1;1;0;0
160872169592973d2a172f54b73fcd55d7842aca5c9f11fa.jpg;0;1;1;0;0
1597697819b3418f788088349e26529ed0b9891454b96b10.jpg;1;1;1;1;1
1612138883bda05e07af07ca674866404eafb2a918ca9337.jpg;1;1;1;1;1
1607109339e0858e0a2a7f55bf4cfd8f7e4ef99458bd3178.jpg;1;1;1;1;1
1586361760722f79f08a9ea417113eff34969a5bc76761b6.jpg;1;1;1;1;1
1606643104bc885edb87f7d873be890b3c0e845e02b4629d.jpg;0;0;1;0;0
16021809996a453b0710ce8f5aff9d4148d2ae661c5be059.jpg;1;1;1;1;1
16084708148a589afe1fea20cb64241c750b0409dcf7c9e9.jpg;0;1;1;0;0
1587962070611d4ce7ae23f046b7cf15140dff8a62f94a03.jpg;0;0;1;0;0
16013104761c46b041a39d141f44f65f750197debd2aa226.jpg;0;0;1;0;0
16090754152f877b60eac4df3c9b530902d5774c85841f8b.jpg;0;0;1;0;0
1609476414651c719b01f6e8ef12d0851fcbcd4cc72c51ce.jpg;0;0;1;0;0
160849104633dca7ec6bca3528d39cb8d9b18bf651d6001a.jpg;0;0;1;0;0
1585922745d844fa4dcbe6f33765e6dbd3a557204070ea4a.jpg;1;1;1;1;1
16093262953b4abfe0fc322eced1ff457d684587af192518.jpg;0;0;1;0;0
1614488866225bc53de468e99972267b28217e9b2e26985b.jpg;1;1;1;1;1
1606426375e1565ef98c2757bc6c244e4aa89088c589188b.jpg;0;0;1;0;0
15961854614cea9271237e24ba279351a1ab69eedb5938dc.jpg;0;1;1;0;0
1592771900aa863f8e6ecae903571cca1aea9423bd78fed8.jpg;0;0;1;0;0
16123990645dd5e7224d6231d412a607200d60e7f44a6fec.jpg;1;1;1;1;1
16133164142c5d3b9351a0eb28487cf38896d5250740ba56.jpg;0;1;1;0;0
1606118705008dff61d1479aff34143fc63538fbc21b6cb9.jpg;0;0;1;0;0
1591814635bef2c7d242181af89a762abe4c7fe550ae110b.jpg;1;1;1;1;1
16096661948ea3bfd3f8fce6829b357241f6f570cf717698.jpg;0;1;1;0;0
1602710561fa881a949cd35a3279b63548f825d3e45f1816.jpg;1;1;1;1;1
1600193661f2ab16615913af2d18fdb7b7e22d3d31394dbb.jpg;0;1;1;0;0
16126740690b39c414f7a720a4a209fb81946fa080330f0b.jpg;1;1;1;1;1
1596261174554df22d40d49276b4e4f101b0241a1cb7a340.jpg;0;1;1;1;0
1605775070252373d451ce0328e9c8c4dfc2810ec1b6c25b.jpg;0;1;1;0;0
1613799667a9a83be42bc892838a9015c4cf015f0822045b.jpg;1;1;1;1;1
1599235267c981f83dd00265f3d01f56405103c59917f46a.jpg;0;0;1;1;0
1613917959f2c14dd21cae35e54e8975cadb593e53fbead2.jpg;0;0;1;1;0
15956094564574f3ed2ad3ccb29a06015f9c36e0b58ac178.jpg;0;0;1;0;0
1597077198fae21eaf7a9ceca948a67686dcd592a4e4a738.jpg;0;0;1;0;0
1614602490cd96464386293daef8730ef3f246e44044a698.jpg;0;0;1;0;0
1606995827dd5490620b97abcb3407a228bd655b89ae5a5d.jpg;0;0;1;0;0
1610199258fa31ff181dcb15c0c761eb220d146bf6fc71eb.jpg;0;0;1;0;0
1584033724c46115698721d020ea3def2e7cd61cd17d6464.jpg;0;0;1;0;0
15978550307c8224905d4edd6f24ee9ecacefbc1b0bbc038.jpg;0;0;1;0;0
1599233475a56a882cd1f0d7ca136dd0cd62f18bd4cd6d89.jpg;0;0;1;0;0
16145240046f3217370d8436e05e482617d545829d548902.jpg;0;0;1;0;0
16085468215ee694b7b86a3a97c9c9d9387411bfd18a34a1.jpg;0;0;1;1;0
1585216791f8fbba0652a88bda769fdc066708a49c06f9bc.jpg;0;0;1;0;0
159829212972aa4e0e0e176f83d188eae123aa249f884084.jpg;0;0;1;0;0
1604796287f8f112acf5a2ce6e9fc2f8de857ae511f6bd2a.jpg;0;0;1;0;0
15840415580f26159d0a7dc3da1aa7e3a74e2960ea87b846.jpg;0;0;1;0;0
1585815970726c24cbe2cc6422c6e9f92a4df1b7b1ee7a39.jpg;0;0;1;0;0
15941852511464c46f9104d8cf1886d96ab4117715e4355f.jpg;0;0;1;0;0
16037378335334713a7869f555c6bacd8ec87177c3e0a568.jpg;0;1;1;0;0
1607209509d865facebb89c8114326f0f0547e8381a70ef5.jpg;0;0;1;0;0
1593148919b7e1b9451fde5a67498f82d7db2ba963acbe8b.jpg;0;0;1;0;0
1599152558bdff2f5c3a766d52820d89279aa4142bc41883.jpg;0;0;1;0;0
1615065630c409863c074bbf04f8cfad622388a28a97192d.jpg;0;1;1;0;0
1597312578ce7fda48d618b34668abd32cb9fb072c5fcac8.jpg;0;0;1;0;0
16150368328ad96930bbac77f8c6aeef3c50326fa7268a03.jpg;0;0;1;0;0
15934617280be36b51eaf508da318bbcd26d31d5cadd1bc2.jpg;0;0;1;1;0
16027695885970d4e1fea098eeed14ab510a69936a860c2a.jpg;0;0;1;0;0
15970818524bdc1cca971ec67f7e944aa748092f643c6fd9.jpg;0;0;1;0;0
15976708139e36ad04276d78b675ea82839c2faaac065ac5.jpg;0;0;1;0;0
15866168749117785f74bc74a2affdbe22e357c863307c6c.jpg;0;0;1;0;0
1605968844cd86197c27bcfdf3eeedf27116995396acb9cd.jpg;0;0;1;0;0
1602241676660867b585df69a7f5238078cf2a2e2870b864.jpg;0;0;1;1;0
1612549353f0e085e97361211e6fc3083f3203b2d2a072d6.jpg;0;0;1;0;0
15978681056d06c990e37545d79616de11057bd0292b3bea.jpg;0;0;1;0;0
1609140525c387484659bf3221c766e44cc71080d2dfcf5f.jpg;0;0;1;0;0
1598505462410112dd8201b591e03e5ab7d184e779892606.jpg;0;1;1;0;0
1611335977b38d94ed803a7be394cdf0f2cf37eaf29f5484.jpg;0;0;1;0;0
15978612716f02b1c60e03664be25f2244f72743419f7ef7.jpg;0;1;1;0;0
16117644130f174f68dbf24f73aad98c4a3b87ac9eb44117.jpg;0;0;1;1;0
160938927679646613032ef140f8bd40294d5848e4cd8c6f.jpg;0;0;1;0;0
1609503611d659e6f7e1998fb77004807b2ba7fc7bc4c835.jpg;0;0;1;0;0
1607598631256cd5a431bf30020d425c39a27c28ac7aa54f.jpg;0;0;1;0;0
1603292141fa073d5e6789e4447eb8ae7552e81cb0043bdb.jpg;0;0;1;0;0
1587741574a3a677dcb030aabc11d9d63bb377295ab66b2c.jpg;0;0;1;0;0
16068151669731f6f592d9f5af0097c7499ef3a102e3559b.jpg;0;1;1;0;0
1608466175b04e37c960f0a96013a8a4a1dead7371b745ca.jpg;0;0;1;0;0
15900920487f689bf20e139b2ffdb04ba9cede58f4f70188.jpg;0;0;1;0;0
16116652787e20ff7c6b35fdeb79cb78d3f52e3e86ff7f2b.jpg;0;1;1;0;0
1586629535dd9040937936878b13f29dd7cacd07187904b4.jpg;0;0;1;0;0
1592824110592a96ce3f7ec6b4013faa9159ba4b609918c2.jpg;0;0;1;0;0
16145857926dc6c5d8363e1605c5acfc6dc6f4d3c12b106f.jpg;0;0;1;0;0
1607981168345c3a22997c5d6ee9d00ae95ede0fcfbdb9a5.jpg;0;1;1;0;0
1615060564d3cf13d123bf28fd875ec9bdc4826ccd1bbda2.jpg;0;0;1;0;0
1602340256cb9fa50970cc6025c1c576e5fc12cb74af8389.jpg;0;1;1;0;0
1613592973727931bf9233cc2d8677095fb443bab80a4b6f.jpg;0;0;1;0;0
159630923904ff9ca45397947ad4a64f77d61a90f0e4bf99.jpg;0;1;1;0;0
1610548749075177339b5d524606d0b41f415aa4d70cd2ed.jpg;0;0;1;0;0
15878256393d250d12c68b4b6d2731d12c362cc048db4e17.jpg;0;0;1;0;0
1614706848aa77cc4e2d3a9a5b864d00b3cc5a13929b3d04.jpg;0;0;1;0;0
160950307091a95fa921457c62a7a8e84e9d5c56dfc1d501.jpg;0;0;1;0;0
160827416862605df03f058414cbd167de5b610920e6b780.jpg;0;1;1;0;0
1584636812625cce5d500917d2b10a45cd2b91a516cb0d7b.jpg;0;0;1;0;0
1614582391053addf0a5189e05fed7fa958d9ae64735e039.jpg;0;0;1;0;0
1589732049a0db908d2e859fc70c0bfab45cb6d5136da18f.jpg;0;0;1;0;0
1614529977d98b356378ac486718627500fb944a06c86ec0.jpg;0;0;1;0;0
1598246579a490063b1039554c3c41107df8f4c8bf5f07ec.jpg;0;0;1;0;0
159067064400f89552a069a314d2b26c56a660d28239a171.jpg;0;0;1;0;0
160639291197b1feaee60b0590e4ce32eae70b30538a8fcb.jpg;0;0;1;1;0
160796843017014b5a9f4d7451200f0f72081b16b6b96e57.jpg;0;0;1;1;0
1598107006c97b4414d8777d49ca5a2647241cf61a94daf8.jpg;0;0;1;0;0
16013959149db7cfe0e5a9fd788ad78c6ac13b64a38f1b3e.jpg;0;0;1;0;0
1594014429fff0379dfbd42d4da73ab6c90e79c61adafa2d.jpg;0;1;1;0;0
1585404720a528dbe2c2eb3cac9e9156882bebc9396cb43c.jpg;0;0;1;0;0
16057034656722ea969e5dec6fb304f60be3995a1af49301.jpg;0;1;0;1;0
159552988130c315efc4e6c39bcc1dadef216c8f126702ed.jpg;0;0;0;1;0
1597697819b3418f788088349e26529ed0b9891454b96b10.jpg;1;1;1;1;1
15972131603fb345a4b3fd4d3f4bbbbed145c6aed254cf4c.jpg;0;1;0;1;0
16140173023f16ab9b2ca884b46a4d1dbeec86c403c0cac5.jpg;0;0;0;1;0
158601354602ddba8a1b9c7184fd3459c0f781be6f8d1b9a.jpg;0;1;0;1;0
1607356715783ee43ab2b229eeda4f9f7862b57b4155454e.jpg;0;0;0;1;0
158401224775a6aefaed87fe8fccd5bfa626014d39c66cb1.jpg;0;0;0;1;0
1608315548aa3d5a82dc79894e470212575f3f71fe85af10.jpg;0;0;0;1;0
161479784906bbb561b1d744587330dc661a42e6c204cd17.jpg;0;0;0;1;0
1612138883bda05e07af07ca674866404eafb2a918ca9337.jpg;1;1;1;1;1
1607772284cce7dcd332d36da9cdbdcb9a6c396345369bbe.jpg;0;0;0;1;0
1606672265cc1db58ccb331d3ab9c9247bcd4be611088df9.jpg;0;0;0;1;0
1604849731ffee07cd3c09c68bfbe1ccc6412ace715604ac.jpg;0;1;0;1;0
1610997873765b065a9f5b98d4052a43cc8b3a678be3259d.jpg;0;0;0;1;0
161381881258480b2e1d19a454be58c4a1ef54788ae93e88.jpg;0;0;0;1;0
1614928529527c837118c1ea715a822a054f494638deb352.jpg;0;0;0;1;0
16031299638078e327f17f2529bef6b14f0952aee07ddcbe.jpg;0;0;0;1;0
16124876967d3ea114012127bf382a4d12985d9ccebd0b8d.jpg;0;0;0;1;0
1614053592e309a068ff62c8ef59afc64a5f967fe7491bf9.jpg;0;0;0;1;0
159921500692d20458e18f391491d84fcb07cdc839f7058a.jpg;0;0;0;1;0
16141200198ca6cf70c87f206a3f83a9aef557ae4100760c.jpg;0;0;0;1;0
16117718991cb74fe0be5a532f6f0734f3c7e92ec7758077.jpg;0;1;0;1;0
1587710411f0be86bd32ec79063081c4448883a744148c7d.jpg;0;0;0;1;0
1611665673abac37d55c4592c80d2103f91a89bb29881eba.jpg;0;1;0;1;0
1601391450587dc0c5e2ef53d21d2bdeec2a337742d45666.jpg;0;1;0;1;0
16119356019bbed8418d633ff9dfa3c64224d8e3f0898d65.jpg;0;1;0;1;0
15954381598371aa3ba4a6d912f152aa365aee378873e1d7.jpg;0;1;0;1;0
160722245855621f41e5340fd678b069767e1e6ff6c58fbb.jpg;0;0;0;1;0
160796843017014b5a9f4d7451200f0f72081b16b6b96e57.jpg;0;0;1;1;0
160344518874d9f3df16c963b1b2f2d878a53cb63eb1241d.jpg;0;0;0;1;0
161121740409566d1799b38cfec8e8be16c4ad9ea7a38c03.jpg;0;0;0;1;0
1588950724dc4cb6dec36abc76dcbb0f2d4d2be6193c0ea8.jpg;0;0;0;1;0
1608556509bbf64e3176070ac62fa8d5bb278478834b5f65.jpg;0;0;0;1;0
160029167281a65bf70ccfd135d7b40e8058f49bc908e6bd.jpg;0;0;0;1;0
15871011122a7dd18bc08081688ea4a8e41c599debda61fe.jpg;0;0;0;1;0
16151323003f19883dda192ee1b66112d9bf9172a721f3ae.jpg;0;0;0;1;0
16115854849e5979bc8758e13dc0424e01cf12b40ac0f5ae.jpg;0;0;0;1;0
1603961373d1f0adf287763a67ea460742fbc2df5304629c.jpg;0;0;0;1;0
15992145094e8ac9a8936ae1e214e9e1d76ea292fb0a6986.jpg;0;0;0;1;0
16029625335de0351649a725f3c8c736b3bce29bca5f9cac.jpg;0;1;0;1;0
1610208334c5a4a46665a442b61b71913888e9b7a1141744.jpg;0;0;0;1;0
16038082049cb8ea61af349136e7db88e5efd8ced8f08d64.jpg;0;0;0;1;0
161487034631e4f47a96291528479cd2f0f897ce2361eca5.jpg;0;1;0;1;0
1612373487943d9c4545262dddf7426fec39776b2cc3aef9.jpg;0;0;0;1;0
1601618576dcd3bc8f20f6fcf4a8fedb18e09f46a637ec25.jpg;0;0;0;1;0
158999046376dbf1b939193f3d4cb67b8cf49b9a155d6e7a.jpg;0;1;0;1;0
160992822350f38f376b04080a4695f5eeae21e75ffaf926.jpg;0;0;0;1;0
1596261174554df22d40d49276b4e4f101b0241a1cb7a340.jpg;0;1;1;1;0
1611576162c42cb7dcf9c48c0a90c4c6a5ed261f99ad85e2.jpg;0;0;0;1;0
1594215032be3485ba8819c1807aba54d41975b6f0948d82.jpg;0;1;0;1;0
16113980734956749be405fb0c3ed6ea0de33620de29fa00.jpg;0;0;0;1;0
159877860819edaa9896a17d5f2c57e8a8388aeed2a0fe32.jpg;0;0;0;1;0
1611326022fa620f9d216a61c2b60230c18ae15050ab08c7.jpg;0;1;0;1;0
1600867771b73f01f37cce18af0299883039083210d79a82.jpg;0;1;0;1;0
160743847109120cf39906ebad409a711590a1776a3f2d7f.jpg;0;0;0;1;0
16014013539f6ee8c2053fa044d70a503785e44dcac538e6.jpg;0;1;0;1;0
160069177255969624f09c7d8014f4493e180c82b89c71ab.jpg;0;0;0;1;0
161518510714dce12a602cb6ae6580e8c073b532b9c76981.jpg;0;0;0;1;0
1584189259f14bb731051ffdae7732087c25b9c1aff1bcda.jpg;0;0;0;1;0
16007118629deefbe08d0542f99be838238746e9282d5953.jpg;0;1;0;1;0
1612340394733ddffa6bd5a70d0ca9133ed039980a2f9210.jpg;0;0;0;1;0
1611509517bcecdf187f2188c5547d98ecacc2111516b44e.jpg;0;1;0;1;0
1597464331e039da1bed08288365d0db4767e8fcc2b1da98.jpg;1;1;1;1;1
1607109339e0858e0a2a7f55bf4cfd8f7e4ef99458bd3178.jpg;1;1;1;1;1
1610557889765d10d81a4bb7424928e99aa10d47a7dff799.jpg;0;0;0;1;0
158402377850a88ed44f1f533f0f5e55d8f7e0894a4d7ace.jpg;0;0;0;1;0
160967926478d383ff931359efb34de7c98ce4cd2fddf64a.jpg;0;0;0;1;0
1586361760722f79f08a9ea417113eff34969a5bc76761b6.jpg;1;1;1;1;1
1614466807205985f6bd13784f3a08c4d4ab755cd49952e5.jpg;0;0;0;1;0
15906109069bfbff86b34b1d0c7bdad7490fdd0b4bfca912.jpg;0;1;0;1;0
16092966281fdb70a29299b03054158a5d5773a42979f202.jpg;1;1;1;1;1
1591598200e394f7cbb26f541993aac3e9820fda71d80152.jpg;0;0;0;1;0
159566275279e492cb2e8e1ddeeca3c27cc6983ab0a8b22d.jpg;0;0;0;1;0
1592248227edba09ddcf5b57733586f5c26acecd048c7a2a.jpg;0;0;0;1;0
16090017065a699bb8c7bb3503a154833234b84661a31f0a.jpg;0;0;0;1;0
15975143375cc81c697ca29765feae52d19b8c21a45fb153.jpg;0;0;0;1;0
159894609905648735a26d48c4bd65c192e248e105277ca7.jpg;0;0;0;1;0
16128995930c689bf42239a8fd21b5a6545735222dae878e.jpg;0;0;0;1;0
1607713917062b2d67a16926a9a697278561a8ec8dacc4de.jpg;0;0;0;1;0
1595254538e256da3ab09769446be946de386f8e35697738.jpg;0;0;0;1;0
16104483538b98f4a47fb75a2632090552edec544fc2fbda.jpg;0;0;0;1;0
1610451478158b8a3fe8c432c5f58ebf1b04953408c95225.jpg;0;0;0;1;0
1607596177fced49a04cfe7a8fbe8ba8a4090ce56d44e5b5.jpg;0;0;0;1;0
1600447840b7eb470bd0e1e429453aa56b0e775589fca3ba.jpg;0;1;0;1;0
15853116832271f277792500c922ab442995101287a56b6e.jpg;0;1;0;1;0
1614185862b174966c99498a2c7de6e6e3f8845e76cd6396.jpg;0;1;0;1;0
1612025061616205d77e8eff1fb19a9eba6e977c711f87bb.jpg;0;0;0;1;0
1597064108f9f9507cd2e9b9afc87c454b797e054cd6bcf5.jpg;0;0;0;1;0
15999946489b0225f019efdf335093d67483389de28726e7.jpg;0;1;0;1;0
16064146951b04fc91655da959eed06d65af6d1f345e8186.jpg;0;0;0;1;0
1612092089d4a958c6104482f3d61070935a8f81e66feb54.jpg;0;1;0;1;0
159655836483a41eb63b32e960b6f99ccdfaa19a62b22ca0.jpg;0;0;0;1;0
16094910981f6819b5b0594d0085b430957d5cc3a6748868.jpg;0;0;0;1;0
158685737573820d0c42e8e88456f0e13efd9801ea026c69.jpg;0;0;0;1;0
160404550995d633b34f07c21aabd6c3b63410f1af181653.jpg;0;0;0;1;0
16016441200d5e837102f28210469ddd678cd4f3d491c50e.jpg;0;1;0;1;0
158814948476fdbec02fb51003f5d9b4c1bd571e7c7285bf.jpg;0;0;0;1;0
1591814635bef2c7d242181af89a762abe4c7fe550ae110b.jpg;1;1;1;1;1
1603629766605471323d8aadd99a0d160d25e0cf1dfbb617.jpg;0;0;0;1;0
1605106239c5e4d17fcc9dec49b47e7e0b89c9412f3ca3c5.jpg;0;0;0;1;0
1611308340420cfb86c6dc0d107067d6c77aff22ba41350d.jpg;0;1;0;1;0
1606144820357226f8104a513a6b1d5e795d92eb6a1e54ee.jpg;0;0;0;1;0
159164713188a00b7dccbccc6f9c46d04d3672e68e320403.jpg;0;0;0;1;0
1614697542b8675c82074061a0830858ed841adecb34ecd8.jpg;0;0;0;1;0
15967283712cde6d5568b6597e4ae025066ea02c98c8a344.jpg;0;0;1;1;0
161459946339104eb2d2021fdd5261c7c4512a03b609f1f8.jpg;0;0;0;1;0
1593962311b321dc8b5026a458e5e887ca24a12ed42d07a7.jpg;0;0;0;1;0
16094506558a5d4266ade50c69e1ead379960c8f1b2ed7d0.jpg;0;0;0;1;0
1612265486bbb82b3a6e643c5f0fcf1308149294b0d33607.jpg;0;1;0;1;0
1611502984a1ec6c607536cfb9d2ce1f3b1b56306e1131dd.jpg;0;0;0;1;0
15959580835635894badfeb421e511c7650a162536a61a40.jpg;0;0;0;1;0
15968621610cacab893b8c6cbe183285563aa9f22b408e24.jpg;0;1;0;1;0
1614948371392273934e6c0b0a31f4cc90c0632d351f2383.jpg;0;0;0;1;0
159474515797353fab4e615bb0056d0960ab95e5a410880a.jpg;0;0;0;1;0
1608813544ff4f21ffecfea5ca2f1a4550441ddcedd78cb7.jpg;0;0;0;1;0
1613917959f2c14dd21cae35e54e8975cadb593e53fbead2.jpg;0;0;1;1;0
1602064011f4d28af2244180036c5c97f645b3fcb13c49fb.jpg;0;0;0;1;0
1607882187fdda3a86c8ec42e46739d0f6d444e792ca1cb2.jpg;0;0;0;1;0
15954782953b8a6c99c8079388713d0962ab93284325f503.jpg;0;0;0;1;0
159222872880f6187b3b3fe6315b7798dd1e233092a353a0.jpg;0;0;0;1;0
16151820682c62354b92bae0485308966515eca7f6b9b07b.jpg;0;0;0;1;0
1611677041785726d9822c402653f7fe8530a5f8b97f6aad.jpg;0;0;0;1;0
15939470754c35bfb3662be84bdb4e6cf99c107c309c8d1e.jpg;0;0;0;1;0
15976448332e9ab645c61994758d599838d5f5717f325021.jpg;0;1;0;1;0
1586095550e5cc4a8f263a647dd59aea8338439d4e12e996.jpg;0;1;0;1;0
16150587654133ddb25bb43cf2f9aa158521ae5e6a2a8746.jpg;0;0;0;1;0
16021809996a453b0710ce8f5aff9d4148d2ae661c5be059.jpg;1;1;1;1;1
15938990357d69cb4846ce4b07091b54c40cd61a61f5e2ae.jpg;0;0;0;1;0
15875553711e0cd99b4e94f9f18a50d55bb4c936f35ada82.jpg;0;0;0;1;0
15838625541b3aaa7f6e1b9bba9e2fb2b9b5960df6e7829e.jpg;0;1;0;1;0
16125871316e2fcf94ac867ab1f5eefbbc64335ec0304069.jpg;0;0;0;1;0
16059848880d110fa4956da379dacba6ef16c9067c6f3dfa.jpg;0;1;0;1;0
1598626463c2268fac9d58bda03fd9b9421f3b6dbd33754e.jpg;0;1;0;1;0
16022695926a80e3731a9a915db2b7dbd5cb6294dd368b7c.jpg;0;1;1;1;0
161255478742da9f9f68f2831a8925524727c9607593c511.jpg;1;1;1;1;1
1605175921d4796305c2dfaa262def0bf64acca300b2c437.jpg;0;0;0;1;0
16142632521dfc8916b125f11003c858ffde42204e255a5e.jpg;0;1;0;1;0
1609253014cdcd12600d3fac469ad231a92d94fc7ef5127b.jpg;0;0;0;1;0
16085790425dce1aa5c1f54a691ebb71c94fea0a17a027a5.jpg;0;0;0;1;0
1612514785a0ce2dfde1bc93ba4be1e3c48583fc8be8c7b8.jpg;0;0;0;1;0
1602241676660867b585df69a7f5238078cf2a2e2870b864.jpg;0;0;1;1;0
1585922745d844fa4dcbe6f33765e6dbd3a557204070ea4a.jpg;1;1;1;1;1
160993282075e2f83872834eacf5e069f1a14c2c26c96504.jpg;0;0;0;1;0
1599217659627e26e6ea8af893b0e02205154d1b0b6011e3.jpg;0;0;0;1;0
159185408610f95a0264a615aeaf9753ced05070c3c5ab8d.jpg;0;1;0;1;0
15940612146acb2278ba2715b63afd46bc9d2fba14d076b9.jpg;0;0;0;1;0
1607677453e80aea029631ffb75dbeaf4f53c14c130198b4.jpg;0;1;0;1;0
1593377751f4e0502603ee511fb008cb1051babbe11d5f01.jpg;0;0;0;1;0
16024854661f95000409febf0c3380a87752743b7d1a2a62.jpg;0;0;0;1;0
16094299855e3c55aeb5d3bbe2e20a9931b68dee29afd200.jpg;0;0;0;1;0
1602089131ea578d761d44dc2dac8af36f4d00e1d081af8b.jpg;0;0;0;1;0
160683273370f89ab918ca39b5ebd0aa05e0a1889e92ff30.jpg;0;0;0;1;0
15840972184af02a3d3008ceb7ecff39f8cd66e1637330aa.jpg;0;1;0;1;0
1614774397c87d975bc3e5f87ad337d2b5cd41de2725dbdb.jpg;0;0;0;1;0
15934617280be36b51eaf508da318bbcd26d31d5cadd1bc2.jpg;0;0;1;1;0
1608957594187007b5b3880176c12f97565b7d14e949c1bf.jpg;0;0;0;1;0
16114236025ba41b25d59a4351526afee453be01aedc1122.jpg;0;0;0;1;0
1614250156ec5a4f8438deb9815bf655d2bf8de13de235a9.jpg;0;0;0;1;0
159000609870d7b3c8488ef74ced643c573f1954b570ef9d.jpg;0;0;0;1;0
161141400944f89d375b402fbc801ac9fb673090b0408be5.jpg;0;0;0;1;0
1608385632534f2ef72e77bf50b32883899817daa9b32a3d.jpg;0;1;0;1;0
1592320340e70b34264946bffbc51c4f160328af7ec69655.jpg;0;0;0;1;0
1607681678bf8a3012b30e85d0b9b883b6fe91d4e92de19f.jpg;0;1;0;1;0
16074484198f98e4151944a3ca123c3ac10e0557146c819e.jpg;0;0;0;1;0
16076210263b6b04a64ecc6a90c0e5364033acd14a24c2fb.jpg;0;0;0;1;0
16019984203de1c383e2b11884535719ada59ad4ff21773e.jpg;0;0;0;1;0
1586699882c6e75cb96489f99cbc64879802fcb12a160554.jpg;0;0;0;1;0
16109667767c1a6180c476fd9a154186c626e8ad710a2d3a.jpg;0;0;0;1;0
15835314128302c134a0982308e6d305327932bd39a653f9.jpg;1;1;1;1;1
160379485230e85030aa1cb1425536268845bdddcb001a87.jpg;0;0;0;1;0
1612358952d23829b521578c1d887012bb89be85bee54163.jpg;0;0;0;1;0
16114163912a475eeb528d9d39bb00db31963d7f85f22d04.jpg;0;1;0;1;0
161037637461bed9473a1de7e27e3c7c45fcbc69af85363f.jpg;0;0;0;1;0
16052892205d63a9e688dfdfe8f8a25328eab904d10f7609.jpg;0;0;0;1;0
16098711046edc6e6acfc521244714116beadde82adfcc38.jpg;0;0;0;1;0
1613331376a7ad004a65567c62d589d7c2e06114903fa343.jpg;0;0;0;1;0
1606163186e3f7a6e6b12c7dce252109d45b3188e1a7fc00.jpg;0;1;0;1;0
160028885458acb3849b130dadda90dc12c5e9f261c20dab.jpg;0;0;0;1;0
158971296611d9637d7ea0d37427ab4e3f8ad460b75096bd.jpg;0;0;0;1;0
1612518512a73a2fc55849028457c3f66392017f19b440f4.jpg;0;0;0;1;0
1586857394c327a32480e5bfb3c7eb70b67dbd60c80c9490.jpg;0;0;0;1;0
1596371650ac90ad86f6f0e7b8b7eed2a867943a3240bc2b.jpg;0;0;0;1;0
16067414706d93d113d30f225122d0ef5e9bffa6c06e1290.jpg;0;1;0;1;0
161432015984433f6381e96ae233841e88fd734bc26d3cba.jpg;0;1;0;1;0
16124222396023d84df3230d0f66089547a29fcd41537574.jpg;0;0;0;1;0
159782050626082294bb3c3e2af37e6e4592aacfd48a1e2c.jpg;0;0;0;1;0
1610744860dab977021af519c2050b1fac5d55aab083bf15.jpg;1;1;1;1;1
1593089730e632c8c149d26ee9fa0a70ce91396254e8dd18.jpg;0;0;0;1;0
16051218784818357ebce729cc6c71f8346d3b2cfe0bfdc7.jpg;0;1;0;1;0
15970861206c09e90b7fa48e22c9c55794f670f582f284ac.jpg;0;0;0;1;0
15975114718d6723dd71a1e15ce4f25e9459af52bad50b07.jpg;0;0;0;1;0
160786884902b418b598070d6b31289e5c911f9dd01f8f61.jpg;0;0;0;1;0
15991290802077dbe1ed4ac4bc08006b406ba061d6adf72a.jpg;0;0;0;1;0
159415087773df748b7a54cfd2492ff900799af2a3c707c4.jpg;0;0;0;1;0
1611947476b443334cbc91ef008a047d1337800a5a659bc8.jpg;1;1;1;1;1
1602878428e1abac23a25fecb6dc80eab52b9e243188597a.jpg;1;1;1;1;1
1597056690bcd412d14b428f4591ea509485ffba4871ea98.jpg;0;1;0;1;0
16084009391a27e01d13939b3e4dee4ef6922a2718dfc4f6.jpg;0;0;0;1;0
16020700440b52ab984dddc0460e962367f3486919496e56.jpg;0;0;0;1;0
1599750370400d15d2563038b434a4b1b1d5f90668d0ebba.jpg;0;0;0;1;0
159887852538e17db2536e1d79691e98ac1c871c8b4a8584.jpg;0;0;0;1;0
1597417309934e1e4d0d28fd580ceef0a982927ea76fb623.jpg;0;0;0;1;0
1609079750d23b891538daee91e33043702448923c92e6c5.jpg;0;0;0;1;0
1602710561fa881a949cd35a3279b63548f825d3e45f1816.jpg;1;1;1;1;1
1592766253ddec2a2644497232aa42ed2de20eddc9ceccea.jpg;0;0;0;1;0
16146818524ffc894e05c915c126f9a7a5bf1149e8e84b54.jpg;0;1;0;1;0
1605891555adeb6218f9dddff372f4a667240e57e04ae6d6.jpg;0;0;0;1;0
1599235267c981f83dd00265f3d01f56405103c59917f46a.jpg;0;0;1;1;0
1599738785720ab3b7110b136efed603b68273d1815d0f78.jpg;0;1;0;1;0
1613802240c45cbd0901d09eb294bfe99952b87ce7f16e64.jpg;0;0;0;1;0
1602332577b1709e63ec4159980563e2e05b2ebfcbb75ec7.jpg;0;0;0;1;0
158428062198b8b7e2139d21b1b8505f5b3fbea4ab647308.jpg;0;0;0;1;0
16140117465ba80592cf1df113a27cce3c2b4d5159fcf5b5.jpg;0;1;0;1;0
15842869076f2d99e9b8cbe72de51a44946057e4f2979fa1.jpg;0;0;0;1;0
1589202273eb1cc7e79841777a91c9ac112ffffc0372cdd9.jpg;0;0;0;1;0
1595625914b5859ac76427bf992bd969f466106f5bc62921.jpg;0;0;0;1;0
16056471509c397ab796b7ee675aa7125bbf873c8ec2fe4b.jpg;0;0;0;1;0
159776237648be41c05ac38e08e7053f0fb99ac8a56cf7a2.jpg;0;0;0;1;0
15994244230c7ce65616846f238b8d91fb8a0c46298a2bb5.jpg;0;0;0;1;0
15937848607356e2231e564073beebd89592f2b52ad10207.jpg;0;0;0;1;0
16043318874e72379e279a1616e3319a8e6ca697f189e3b6.jpg;0;1;0;1;0
1601232165bdb2a230aa427c997fd2bd04b1e1a221afc746.jpg;0;0;0;1;0
15968372751cb6e7e4e0fb87d37f2a12a248b6079a8d80d6.jpg;0;0;0;1;0
160077427849f457c743443b56f587e9acf1e6f39731ffb0.jpg;0;1;0;1;0
16049168186ab284b22b2d696a767954d6eeca6a065799bf.jpg;0;0;0;1;0
1614665598ff3ce0e8033193b58731368a206c8dc385dd73.jpg;0;0;0;1;0
1609768058fa922ef8b85b9f8d34d71cfd124229d4b83d5e.jpg;0;0;0;1;0
160873255308832bb2c11da3962e75112e706bf43f2b42e6.jpg;0;0;0;1;0
16040725256da49d09ccfaf7be36dc5332d2e1c21a25f654.jpg;0;0;0;1;0
1599044513cfd45ca6b8bc539a93a3518332f3900633e07e.jpg;0;1;0;1;0
1609256194be4265722484ffe02dbfc6dbff0991df4fd704.jpg;0;0;0;1;0
15839228301d85f8699e86e3a6b84d80ba0815fe4e884633.jpg;0;0;0;1;0
1599723350a71ad6afd9863ecc0696c01c838a0544543654.jpg;0;0;0;1;0
16043335367e454ba3f0e3595e77a4bb1cf74fbbdd6d5726.jpg;0;1;0;1;0
159872807800103a681ce8bda45773fa30f8088a1936155e.jpg;0;0;0;1;0
16082872738f34f225c1e332dfac285cca248214abc57b48.jpg;0;1;0;1;0
159812442672af28844b5fca94decdaff520833d13062cb7.jpg;0;1;0;1;0
16128847960ee92079a39d1f96fcd7e4b6b5c5daf23ec3d4.jpg;0;0;0;1;0
16092684815913b419d094070eae593dc30654273870bcef.jpg;0;0;0;1;0
16105571152f8a9f73c455323b5ac5e175610df6ce6171fa.jpg;0;1;0;1;0
16152815954b14ecf09f06b4b7c0bfbf4a3a59944677a725.jpg;0;1;0;1;0
1598541476808d215b9b1a7fac4162b8ba8b0671c39b98d2.jpg;0;0;0;1;0
1601359630ecbde134b03fc0f01cab5c2446787a1e8c24a7.jpg;0;0;0;1;0
15839283830ad9d592ef6ab05b80dd0fec62a6790531b315.jpg;0;0;0;1;0
16085763550354947521d525da8d7bfffb6f0fb7bbafaa99.jpg;1;1;1;1;1
1588780025c74d8ca51d337be36901d4b5aeeb604695cb8c.jpg;0;0;0;1;0
1586094139a9010dd046bef62b4c18ef90180991c11172c5.jpg;0;0;0;1;0
1601545730e1560c0d4fbe4b3010f79a52fe20680503b67c.jpg;0;0;0;1;0
1610561302b159b3fe70b1c8f885bc636a68a71b23ce7b54.jpg;0;0;0;1;0
15835314128302c134a0982308e6d305327932bd39a653f9.jpg;1;1;1;1;1
1597464331e039da1bed08288365d0db4767e8fcc2b1da98.jpg;1;1;1;1;1
16085763550354947521d525da8d7bfffb6f0fb7bbafaa99.jpg;1;1;1;1;1
1600616918d8658e141c69ed02726886a3c597c0f90a476f.jpg;1;1;1;1;1
1611947476b443334cbc91ef008a047d1337800a5a659bc8.jpg;1;1;1;1;1
1602337889a2644a3697f527d8cf63d5b69e2026e08fe7c3.jpg;1;1;1;1;1
16144731298c7d30041631da61fa33626ce7e10adc6c6f33.jpg;0;1;0;0;1
16092966281fdb70a29299b03054158a5d5773a42979f202.jpg;1;1;1;1;1
16013796632e342f03396dafca0e116bfcd44f4afd7fc4c9.jpg;1;1;1;1;1
1602878428e1abac23a25fecb6dc80eab52b9e243188597a.jpg;1;1;1;1;1
161255478742da9f9f68f2831a8925524727c9607593c511.jpg;1;1;1;1;1
15987325768c2bea5e14e2533357094c79370d9e4c879cd6.jpg;0;0;0;0;1
1610744860dab977021af519c2050b1fac5d55aab083bf15.jpg;1;1;1;1;1
16020057992155140cbe9699aeb9b74a0e81d99d2e6c902c.jpg;0;0;0;0;1
16042502350100323ed192965f3bb792f8bc9299b00ef339.jpg;1;1;1;1;1
1608827007f4215fce8a94ec0b2991ab4d936b50d1cd8d07.jpg;0;0;0;0;1
16134892984ee9b06bab6266d1aa3de44601bef87bbcf88a.jpg;0;0;0;0;1
159733872356b4b7f9443d63cbfb5a0bf63b12922bd85320.jpg;0;0;0;0;1
1597697819b3418f788088349e26529ed0b9891454b96b10.jpg;1;1;1;1;1
1612138883bda05e07af07ca674866404eafb2a918ca9337.jpg;1;1;1;1;1
1607109339e0858e0a2a7f55bf4cfd8f7e4ef99458bd3178.jpg;1;1;1;1;1
1607727380b2e3641992783228e8089cd37b449e263aa8e1.jpg;0;0;0;0;1
16081340761216da43f5d4a70a98716326c760780c47c45d.jpg;0;1;0;0;1
1605283572ef0c322c83ea4eb7208265b6925543c01beecd.jpg;0;0;0;0;1
1586361760722f79f08a9ea417113eff34969a5bc76761b6.jpg;1;1;1;1;1
16021809996a453b0710ce8f5aff9d4148d2ae661c5be059.jpg;1;1;1;1;1
1585922745d844fa4dcbe6f33765e6dbd3a557204070ea4a.jpg;1;1;1;1;1
1614488866225bc53de468e99972267b28217e9b2e26985b.jpg;1;1;1;1;1
16123990645dd5e7224d6231d412a607200d60e7f44a6fec.jpg;1;1;1;1;1
1591814635bef2c7d242181af89a762abe4c7fe550ae110b.jpg;1;1;1;1;1
1602710561fa881a949cd35a3279b63548f825d3e45f1816.jpg;1;1;1;1;1
16126740690b39c414f7a720a4a209fb81946fa080330f0b.jpg;1;1;1;1;1
1613799667a9a83be42bc892838a9015c4cf015f0822045b.jpg;1;1;1;1;1
1598360318ec980a77d5b43800da09eee953df3f64cdd2bf.jpg;0;1;0;0;1
1599682384dd4f278ad49d5c257b8e500f89461041127300.jpg;0;0;0;0;1
16079881082e04a83491c519095281d8d11410f66330d4c4.jpg;0;0;0;0;1
161126630690de519521573a7b2a1db43081f9ae74aac2d8.jpg;0;0;0;0;1
16010521284efe6c91a8b31883d9d990a6190c326833eb2c.jpg;0;1;0;0;1
16077389798994d4d22379afdfb257199c969c4ed8eb0802.jpg;0;0;0;0;1
161471215370b5fd75e3cddec95dd59554ddb2f24c672b72.jpg;1;0;0;0;1
16052906829b9fd61c5e29b31e5a4dc0868ebde1ea8a85c5.jpg;0;0;0;0;1
1595166092e559bb12e78844c7fc69c3fb2c705f48c25322.jpg;0;0;0;0;1
16017218641c0428255035e631eb8a521ae6a746ca89fe70.jpg;0;0;0;0;1
1609517458d7424792ec3389c17a5f331445d1d664614973.jpg;0;0;0;0;1
15861052281a5d8c9ca39bee06beb7148474aba70ceb1841.jpg;0;1;0;0;1
